"X1","店名","地址","店名是否包含搜索关键词","区县镇"
"珠海市盒马鲜生","盒马鲜生(龙岗锦荟店)","锦荟PARK一层",1,NA
"珠海市美团买菜","美团专送","广东省珠海市香洲区银发路13号",1,"珠海香洲区"
"珠海市美团买菜","美团外卖美团专送","广东省珠海市斗门区永福一路",1,"珠海斗门区"
"珠海市美团买菜","美团专送","广东省珠海市香洲区粤海西路102号北80米",1,"珠海香洲区"
"珠海市美团买菜","美团专送","珠海市金湾区永泰路与双湖路交叉路口往西约50米(永泰假日公馆)",1,"珠海金湾区"
"珠海市美团买菜","美团专送","珠海市香洲区明园路(惠景文园东北侧约50米)",1,"珠海香洲区"
"珠海市美团买菜","美团专送","珠海市金湾区映月路与榕月路交叉路口往东北约150米(万宝名轩)",1,"珠海金湾区"
"珠海市美团买菜","美团外卖美团专送(岭景小区店)",NA,1,NA
"珠海市美团买菜","美团外卖(广生南街店)","广东省珠海市香洲区广生南街85号",1,"珠海香洲区"
"珠海市美团买菜","美团外卖(翠香路店)","广东省珠海市香洲区翠香路37号",1,"珠海香洲区"
"珠海市美团买菜","美团外卖(北山路店)",NA,1,NA
"珠海市美团买菜","美团外卖站点","广东省珠海市香洲区人民东路526号",1,"珠海香洲区"
"珠海市美团买菜","美团专送(水仙花园店)","广东省珠海市香洲区环屏路32号",1,"珠海香洲区"
"汕头市美团买菜","美团专送","汕头市龙湖区兴绵街(珠池小学西侧)",1,"汕头龙湖区"
"汕头市美团买菜","美团专送","汕头市龙湖区丽日街(丽日庄-东区)",1,"汕头龙湖区"
"汕头市美团买菜","美团专送","汕头市龙湖区朝阳东街与朝阳北街交叉路口东北侧(星洲家园)",1,"汕头龙湖区"
"汕头市美团买菜","美团专送","汕头市龙湖区汕汾路与外砂迎宾路交叉路口往东北约100米(蓬中华侨学校西北侧)",1,"汕头龙湖区"
"汕头市美团买菜","美团专送","汕头市龙湖区碧霞北街与华山南路交叉路口东侧(碧霞庄中区)",1,"汕头龙湖区"
"汕头市美团买菜","美团专送","汕头市龙湖区大北山路与练江北一路交叉路口往南约50米(瑞华雅庭)",1,"汕头龙湖区"
"汕头市美团买菜","美团专送","广东省汕头市金平区新厦路7号",1,"汕头金平区"
"汕头市美团买菜","美团专送","汕头市龙湖区金环南路与金园路交叉路口东南侧(建南花园)",1,"汕头龙湖区"
"汕头市美团买菜","美团专送","汕头市潮阳区",1,"汕头潮阳区"
"汕头市美团买菜","美团配送","广东省汕头市龙湖区兴德街129号南50米",1,"汕头龙湖区"
"汕头市美团买菜","美团外卖(新厦路店)","广东省汕头市金平区品牌街30号",1,"汕头金平区"
"汕头市美团买菜","美团外卖(金园路店)","广东省汕头市金平区杏园街17号",1,"汕头金平区"
"汕头市美团买菜","美团外卖(珠江路店)",NA,1,NA
"汕头市美团买菜","美团外卖(中兴路店)",NA,1,NA
"韶关市美团买菜","美团专送(韶关工业站点)","广东省韶关市武江区工业中路13号附近",1,"韶关市区"
"韶关市美团买菜","美团外卖(亿华明珠城店)","广东省韶关市曲江区友谊路1号",1,"韶关市区"
"韶关市美团买菜","美团专卖","韶关市浈江区聆韶路(碧桂园・水木春华西侧约50米)",1,"韶关市区"
"韶关市美团买菜","美团外卖(龙英路店)",NA,1,NA
"韶关市美团买菜","美团外卖(排岗下路店)",NA,1,NA
"河源市美团买菜","美团外卖(河源店)","广东省河源市源城区中山大道北309号",1,"河源源城区"
"河源市美团买菜","美团外卖(河源六站区)",NA,1,NA
"河源市美团买菜","美团外卖(高新区)","广东省河源市源城区高埔路",1,"河源源城区"
"河源市美团买菜","美团外卖站","广东省河源市源城区",1,"河源源城区"
"河源市美团买菜","龙川美团优选网格仓","广东省河源市龙川县G236",1,"河源龙川县"
"河源市美团买菜","美团外卖(A战区)",NA,1,NA
"河源市美团买菜","美团优选(东源仓)","广东省河源市源城区南湖中路宝豪御龙湾项目五期宿舍裙楼仓库B区(南湖居委会对面)",1,"河源源城区"
"河源市美团买菜","美团外卖(新华路店)","河源市和平县新华路(和平中学东侧约50米)",1,"河源和平县"
"河源市美团买菜","美团优选(龙川县服务中心)","广东省河源市龙川县老隆大道205号",1,"河源龙川县"
"河源市美团买菜","美团外卖(新忠路店)",NA,1,NA
"河源市美团买菜","美团外卖群丰站","广东省河源市源城区红星东路",1,"河源源城区"
"河源市美团买菜","美团外卖(埔前站)","广东省河源市源城区埔前大道",1,"河源源城区"
"河源市美团买菜","美团外卖(和平站)",NA,1,NA
"河源市美团买菜","美团外卖(东园三街店)","广东省河源市连平县东园三街",1,"河源连平县"
"梅州市美团买菜","美团外卖(梅松路店)","广东省梅州市梅江区梅松路4",1,"梅州梅江区"
"梅州市美团买菜","美团外卖","广东省梅州市梅江区",1,"梅州梅江区"
"梅州市美团买菜","美团外卖(江边路店)","广东省梅州市梅江区江边路19-9",1,"梅州梅江区"
"梅州市美团买菜","美团外卖(新县城站)","广东省梅州市梅县区机场路",1,"梅州梅县区"
"梅州市美团买菜","美团外卖公司五华站","梅州市五华县华一南路与交通路交叉路口往西南约100米(富兴花园北侧)",1,"梅州五华县"
"梅州市美团买菜","美团外卖(城北一路店)","广东省梅州市兴宁市城北一路",1,"梅州兴宁市"
"梅州市美团买菜","美团外卖(客都大道店)","广东省梅州市梅江区明山路",1,"梅州梅江区"
"梅州市美团买菜","美团外卖(交通路店)",NA,1,NA
"梅州市美团买菜","美团外卖(人民南路店)","梅州市梅县区人民南路(鸿禧雅苑西侧)",1,"梅州梅县区"
"梅州市美团买菜","美团外卖(怡华路店)","梅州市兴宁市怡华路与怡苑路交叉路口东北侧(怡福花园)",1,"梅州兴宁市"
"梅州市美团买菜","美团外卖(汤坑路店)","梅州市丰顺县汤坑路(南湖商贸城南侧)",1,"梅州丰顺县"
"梅州市美团买菜","美团外卖(梅州市传奇江北站点)","广东省梅州市梅江区五洲城天兴商业广场A栋21号",1,"梅州梅江区"
"梅州市美团买菜","美团外卖新世界站","广东省梅州市梅县区",1,"梅州梅县区"
"梅州市美团买菜","美团外卖(水寨大道店)","广东省梅州市五华县水寨大道中路8号南50米",1,"梅州五华县"
"梅州市美团买菜","美团外卖(城东路店)","梅州市大埔县城东路与文明路交叉路口东侧(东兴雅苑东南侧约100米)",1,"梅州大埔县"
"梅州市美团买菜","美团外卖(城西一横街店)","广东省梅州市平远县城西一横街",1,"梅州平远县"
"梅州市美团买菜","美团外卖(顺达街店)","梅州市丰顺县顺达街与滨河六横街交叉路口南侧(滨江湾花园东侧约100米)",1,"梅州丰顺县"
"梅州市美团买菜","美团外卖(进华路店)","梅州市丰顺县进华路与烟汕线交叉路口往西南约50米(颐源居西南侧约150米)",1,"梅州丰顺县"
"惠州市美团买菜","美团专送","广东省惠州市惠城区人民北一路93号附近",1,"惠州惠城区"
"惠州市美团买菜","美团外卖(惠东县)",NA,1,NA
"惠州市美团买菜","美团专送","惠州市惠城区大田路与新岗北一路交叉路口往东约100米(城市绿兴)",1,"惠州惠城区"
"惠州市美团买菜","美团专送","广东省惠州市惠城区新岸路17号附近",1,"惠州惠城区"
"惠州市美团买菜","美团专送","惠州市惠城区惠州大道(国立・美寓)",1,"惠州惠城区"
"惠州市美团买菜","美团外卖美团专送","广东省惠州市惠城区云山东二巷",1,"惠州惠城区"
"惠州市美团买菜","美团专送","广东省惠州市惠城区龙湖三路二街",1,"惠州惠城区"
"惠州市美团买菜","美团专送","惠州市惠城区花边北路(德赛丘屋塘小区南侧)",1,"惠州惠城区"
"惠州市美团买菜","美团专送","惠州市惠城区青年路(怡美嘉园西北侧)",1,"惠州惠城区"
"惠州市美团买菜","美团专送","惠州市惠城区新沥路(天泽名居东南侧)",1,"惠州惠城区"
"惠州市美团买菜","美团专送","惠州市惠城区三环南路与南岸路交叉路口西北侧(苏屋墩)",1,"惠州惠城区"
"惠州市美团买菜","美团专送","广东省惠州市惠城区斑樟湖一横街二巷22号附近",1,"惠州惠城区"
"惠州市美团买菜","美团专送","广东省惠州市惠城区银岭路76号附近",1,"惠州惠城区"
"惠州市美团买菜","美团外卖","三新工业区A7栋06",1,NA
"惠州市美团买菜","美团外卖(新村西街店)","广东省惠州市惠东县新村西路41号",1,"惠州惠东县"
"惠州市美团买菜","美团专送","惠州市惠城区下寮新中路与惠民大道交叉路口往东南约100米",1,"惠州惠城区"
"惠州市美团买菜","美团专送","惠州市惠城区苏屋墩路与南岸路交叉路口北侧(惠州汽车大市场东侧约100米)",1,"惠州惠城区"
"惠州市美团买菜","美团外卖(惠园路店)","惠州市惠东县后园路与惠园路交叉路口东北侧(建设幼儿园西北侧)",1,"惠州惠东县"
"惠州市美团买菜","美团外卖(新兴五路八巷店)","广东省惠州市惠东县新兴五路八巷",1,"惠州惠东县"
"惠州市美团买菜","美团外卖(新村路店)","惠州市惠东县平梁路与新村路交叉路口往西南约150米(新村小学西侧)",1,"惠州惠东县"
"惠州市美团买菜","美团配送","惠州市惠阳区大窝二路(怡家园东北侧)",1,"惠州惠阳区"
"惠州市美团买菜","美团外卖(惠东站)","广东省惠州市惠东县新埔东路33号",1,"惠州惠东县"
"惠州市美团买菜","美团专送","广东省惠州市惠阳区开城大道中119-25号附近",1,"惠州惠阳区"
"惠州市美团买菜","美团专送","惠州市惠城区下角东路(惠州青少年宫北侧约50米)",1,"惠州惠城区"
"惠州市美团买菜","美团配送站","惠州市惠城区麦岸路与花边南路交叉路口往东南约200米(金耀园西南侧)",1,"惠州惠城区"
"惠州市美团买菜","美团外卖(上杨二路店)",NA,1,NA
"惠州市美团买菜","美团专送(大亚湾站)","惠州市惠阳区兴盛二路与怡园路交叉路口往东南约50米(盛湾名居西侧约100米)",1,"惠州惠阳区"
"惠州市美团买菜","美团优选生活超市","惠州市惠阳区龙海二路(珠江四季悦城)",1,"惠州惠阳区"
"惠州市美团买菜","恒裕3路美团","广东省惠州市惠城区三栋",1,"惠州惠城区"
"惠州市美团买菜","美团专送","广东省惠州市惠阳区长安南路162号",1,"惠州惠阳区"
"惠州市美团买菜","美团专送","惠州市惠阳区石湖路(丽豪华府西南侧)",1,"惠州惠阳区"
"惠州市美团买菜","美团专送","广东省惠州市惠阳区人民三路37号附近",1,"惠州惠阳区"
"惠州市美团买菜","美团专送","广东省惠州市惠城区和畅五路西65附近",1,"惠州惠城区"
"惠州市美团买菜","美团专送(站点ID：2019082)","广东省惠州市惠城区湖溪大道九街19号附近",1,"惠州惠城区"
"惠州市美团买菜","美团专送","广东省惠州市惠阳区兴和二路十巷",1,"惠州惠阳区"
"惠州市美团买菜","美团专送","惠州市惠阳区白云二路(公安西侧)",1,"惠州惠阳区"
"惠州市美团买菜","美团专送","广东省惠州市惠阳区木棉街与铁湖东路交叉口南100米",1,"惠州惠阳区"
"惠州市美团买菜","美团专送","惠州市博罗县罗阳二路(富华新城南侧约50米)",1,"惠州博罗县"
"惠州市美团买菜","美团外卖(罗浮路店)","惠州市博罗县罗浮路与共建路交叉路口往西约200米(现代中心城)",1,"惠州博罗县"
"惠州市美团买菜","美团专送","惠州市惠阳区西南大道(潮惠装饰城南侧约50米)",1,"惠州惠阳区"
"惠州市美团买菜","美团外卖(博罗县)","广东省惠州市博罗县X195(福园路)",1,"惠州博罗县"
"惠州市美团买菜","美团专送","惠州市惠阳区中兴北路(澳子村)",1,"惠州惠阳区"
"惠州市美团买菜","美团专送","惠州市惠城区古湖路与华盛东街交叉路口往南约50米",1,"惠州惠城区"
"惠州市美团买菜","美团外卖(环城北路店)",NA,1,NA
"惠州市美团买菜","美团专送","广东省惠州市惠城区花园水中路11-4号附近",1,"惠州惠城区"
"惠州市美团买菜","美团专送(乌石站)","广东省惠州市惠城区乌石一路",1,"惠州惠城区"
"惠州市美团买菜","美团专送","广东省惠州市惠城区古湖路",1,"惠州惠城区"
"惠州市美团买菜","美团服务点","惠州市惠城区湖东路与湖溪大道九街交叉路口往东南约50米(大湖溪商住综合市场东南侧)",1,"惠州惠城区"
"惠州市美团买菜","美团专送","惠州市惠城区新岗北一路与新寮横路交叉路口东侧(三新工厂区)",1,"惠州惠城区"
"惠州市美团买菜","美团专送","惠州市惠阳区长安北路与古井五路交叉路口北侧(惠阳体育中心东北侧约50米)",1,"惠州惠阳区"
"惠州市美团买菜","美团专送","广东省东莞市裕民街4号-后门附近",1,NA
"惠州市美团买菜","美团外卖(新埔东街店)",NA,1,NA
"惠州市美团买菜","美团总部-1栋","广东省惠州市其它区惠州市博罗县园洲镇城市星座一幢",1,"惠州博罗县"
"惠州市美团买菜","美团外卖(白花站)",NA,1,NA
"惠州市美团买菜","美团外卖(营盘路店)",NA,1,NA
"惠州市美团买菜","美团专送(小口站)","惠州市惠城区湖溪大道四街与湖溪大道交叉路口往东约50米(水口大湖溪综合办公楼东侧)",1,"惠州惠城区"
"惠州市美团买菜","美团外卖(飞龙大道店)","惠州市博罗县飞龙大道与龙珠路交叉路口南侧(金域华府)",1,"惠州博罗县"
"惠州市美团买菜","美团外卖(和平路店)","惠州市博罗县桥东五路与和平路交叉路口往东约50米(矮岭小区西南侧约50米)",1,"惠州博罗县"
"惠州市美团买菜","美团外卖(南湖路店)",NA,1,NA
"惠州市叮咚买菜","叮咚买菜(惠平站)","惠州市惠城区东平二街与东平南路交叉路口往南约150米(海燕绿岛商城)",1,"惠州惠城区"
"惠州市叮咚买菜","叮咚买菜","广东省惠州市惠城区麦兴路29-1",1,"惠州惠城区"
"惠州市叮咚买菜","叮咚买菜","惠州市惠城区新沥路与三环北路交叉路口西南侧(东南首府北侧约50米)",1,"惠州惠城区"
"惠州市叮咚买菜","叮咚买菜站","广东省深圳市坪山区宝梓北路53号西80米",1,"深圳坪山区"
"惠州市叮咚买菜","叮咚买菜","惠州市惠阳区星河东六路(生态森林河畔家园东北侧约150米)",1,"惠州惠阳区"
"惠州市叮咚买菜","叮咚生活","广东省东莞市绿化西路38号附近",1,NA
"惠州市叮咚买菜","叮咚博士","黄埠镇海滨三路二街一巷1号",1,NA
"汕尾市美团买菜","美团外卖(汕尾总部)","广东省汕尾市城区",1,NA
"汕尾市美团买菜","美团外卖(陆丰总部)","广东省汕尾市陆丰市",1,"汕尾陆丰市"
"汕尾市美团买菜","美团外卖(吉祥路店)","汕尾市城区吉祥路(祯祥大厦东侧约50米)",1,NA
"汕尾市美团买菜","美团优选","汕尾市陆河县圩新街",1,"汕尾陆河县"
"汕尾市美团买菜","美团外卖(陆河总指挥部)","广东省汕尾市陆河县对面埔二街",1,"汕尾陆河县"
"汕尾市美团买菜","美团外卖(人民西路店)","广东省汕尾市陆丰市人民西路",1,"汕尾陆丰市"
"汕尾市美团买菜","美团点评","汕尾市陆丰市海关路与华桂路交叉路口往西南约150米(金华花园)",1,"汕尾陆丰市"
"汕尾市美团买菜","美团外卖(碣石站)","广东省汕尾市陆丰市",1,"汕尾陆丰市"
"汕尾市美团买菜","美团外卖(人民二路店)","汕尾市海丰县人民二路(小太阳幼儿园东侧约50米)",1,"汕尾海丰县"
"汕尾市美团买菜","美团外卖(河图岭路店)","汕尾市陆丰市河图岭路与广汕公路交叉路口往北约200米(陆丰汽车总站东北侧约50米)",1,"汕尾陆丰市"
"汕尾市美团买菜","美团外卖(西河路店)","汕尾市城区汕尾大道与西河路交叉路口往西北约50米(埔边市场北侧)",1,NA
"东莞市盒马鲜生","盒马生鲜","广东东莞市凤岗镇京州酒店",1,"东莞凤岗镇"
"东莞市美团买菜","美团外卖(农二南一巷)","广东省东莞市新兴路42号",1,"云浮新兴县"
"东莞市美团买菜","美团外卖(石兴路店)","广东省东莞市",1,NA
"东莞市美团买菜","美团专送","石碣镇碧桃街88号(名典酒店后面)",1,"东莞石碣镇"
"东莞市美团买菜","美团外卖美团专送","东莞市莞樟路与东升路交叉路口往东北约150米(下三杞村)",1,"中山东升镇"
"东莞市美团买菜","美团站点","广东省东莞市南城区袁屋边宝园路9号美团站点",1,"东莞南城街道"
"东莞市叮咚买菜","叮咚买菜","广东省东莞市黄江镇清龙路17号",1,"东莞黄江镇"
"东莞市叮咚买菜","叮咚买菜门店","广东省东莞市厚街镇金丰昌路6号叮咚买菜门店",1,"东莞厚街镇"
"东莞市叮咚买菜","叮咚买菜","东莞市罗沙路与和阳路交叉路口往东南约100米(青云大厦东侧)",1,NA
"东莞市叮咚买菜","叮咚买菜","东莞市利成路与德政西路交叉路口西侧(世邦商住大厦西北侧)",1,NA
"东莞市叮咚买菜","叮咚买菜","东莞市东城西路与美峰路交叉路口西南侧(城市花园)",1,"东莞东城街道"
"东莞市叮咚买菜","叮咚买菜(华生站)","广东省东莞市商业街137号",1,NA
"东莞市叮咚买菜","叮咚买菜(鸿福站)","东莞市泰和商业街与金锡路交叉路口往东南约50米(梧桐里东北侧约50米)",1,NA
"东莞市叮咚买菜","叮咚买菜(金升店)","广东省东莞市胜和管理区蚝一村一巷1号",1,NA
"东莞市叮咚买菜","叮咚买菜(春风站)","广东省东莞市东城街道大井头平岗街1号",1,"东莞东城街道"
"中山市美团买菜","美团外卖(中山市小市店)","广东省中山市青云路51号",1,NA
"中山市美团买菜","美团优选","广东省中山市创业路",1,NA
"中山市美团买菜","美团专送","广东省中山市同顺路",1,NA
"中山市美团买菜","美团配送","广东省中山市金港路19",1,NA
"中山市美团买菜","美团专送","广东省中山市贴边西路54之1西北80米",1,NA
"中山市美团买菜","美团专送","广东省中山市拱桥路41号",1,NA
"中山市美团买菜","美团专送","广东省中山市隆都南路35",1,NA
"中山市美团买菜","美团配送","广东省中山市中山二路32附近",1,NA
"中山市美团买菜","美团专送","中山市同茂街与沿河西路交叉路口北侧(名都华庭)",1,NA
"中山市美团买菜","美团站点","火炬开发区东镇大街一巷8号",1,NA
"中山市美团买菜","美团专送","广东省中山市广兴北路7号附近",1,NA
"中山市美团买菜","美团专送","中山市如意二路与如意路交叉路口西北侧(迎月居东北侧约50米)",1,NA
"中山市美团买菜","美团专送","三乡镇加益居B111号",1,"中山三乡镇"
"中山市美团买菜","美团站点","中山市兴港南路(星港湾城市绿洲)",1,NA
"中山市美团买菜","美团专送","广东省中山市永兴路1号",1,NA
"中山市美团买菜","美团专送","广东省中山市南头大道东69附近",1,"中山南头镇"
"中山市美团买菜","美团专送","广东省中山市青云路51号",1,NA
"中山市美团买菜","美团专送","广东省中山市恒业街104号北100米",1,NA
"中山市美团买菜","美团专送","广东省中山市顷六路二街",1,NA
"中山市美团买菜","美团专送","广东省中山市荔景路10西南90米",1,NA
"中山市美团买菜","美团专送","中山市恒海路与白石南路交叉路口往东南约100米(碧堤湾畔)",1,NA
"中山市美团买菜","美团专送","广东省中山市兴业街53号",1,NA
"中山市美团买菜","美团专送","中山市珠三角环线高速(远洋启宸南侧约50米)",1,"中山三角镇"
"中山市美团买菜","美团专送","广东省中山市紫荆中路12号附近",1,NA
"中山市美团买菜","美团专送","中山市中山二路与方基涌大街交叉路口往西约100米(志荣大厦西南侧)",1,NA
"中山市美团买菜","美团专送","广东省中山市南坦路220号附近",1,NA
"中山市美团买菜","美团专送","广东省中山市金三大道中206南50米",1,NA
"中山市美团买菜","美团专送","广东省中山市金龙横街77号附近",1,NA
"中山市美团买菜","美团专送","广东省中山市龙凤街9号附近",1,NA
"中山市美团买菜","美团专送","中山市尚安街与永兴南路交叉路口往西北约150米(英博幼儿园西北侧)",1,NA
"中山市美团买菜","美团专送","广东省中山市兴中道31号东南80米",1,NA
"中山市美团买菜","美团专送","广东省中山市岐涌路161西北80米",1,NA
"中山市美团买菜","美团专送","中山市小榄镇富盛街三巷2号",1,"中山小榄镇"
"中山市美团买菜","美团专送","广东省中山市",1,NA
"中山市美团买菜","美团专送","中山市兴宏路与意发路交叉路口北侧(阜沙中心市场北侧)",1,"中山阜沙镇"
"中山市美团买菜","美团专送","广东省中山市西冲中路92号西北70米",1,NA
"中山市美团买菜","美团外卖(兴宏路店)","广东省中山市兴宏路23号附近",1,NA
"中山市美团买菜","美团专送","广东省中山市嘉惠路三巷21号",1,NA
"中山市美团买菜","美团专送","广东省中山市新明南路133东70米",1,NA
"中山市美团买菜","美团外卖(迎宾大道店)","广东省中山市",1,NA
"中山市美团买菜","美团专送","广东省中山市市边村大道43号附近",1,NA
"中山市美团买菜","美团外卖(康乐街店)",NA,1,NA
"中山市美团买菜","美团专送","中山市振业路与康宁街交叉路口西侧(公安小区东南侧约100米)",1,NA
"中山市美团买菜","美团专送","中山市成业三街与瑞泰大街交叉路口往西约50米(神湾中心市场西北侧约150米)",1,"中山神湾镇"
"中山市美团买菜","美团专送","中山市神利路与界狮北路交叉路口往东约50米(源兴雅居南侧约50米)",1,NA
"中山市美团买菜","美团专送","广东省中山市神利路48西北60米",1,NA
"中山市叮咚买菜","叮咚家选","广东省中山市古镇镇新兴中路179号巨星灯饰广场五楼",1,"云浮新兴县"
"中山市叮咚买菜","叮咚美业","广东省中山市",1,NA
"江门市美团买菜","美团","广东省江门市蓬江区环市街道聚德街9号",1,"江门蓬江区"
"江门市美团买菜","美团公司","江门市恩平市桥峰路与新塔路交叉路口往东北约50米(恩荣楼)",1,"江门恩平市"
"江门市美团买菜","美团外卖(双亭街店)","广东省江门市台山市双亭街2号",1,"江门台山市"
"江门市美团买菜","美团配送","江门市蓬江区农林东路与胜利路交叉路口往东北约100米(胜利市场)",1,"江门蓬江区"
"江门市美团买菜","美团专送","广东省江门市开平市虹桥路47号附近",1,"江门开平市"
"江门市美团买菜","美团优选","广东省江门市新会区诗书街22号102铺附近",1,"江门新会区"
"江门市美团买菜","美团外卖(金碧豪庭店)","广东省江门市开平市金都东路",1,"江门开平市"
"江门市美团买菜","美团专送","广东省江门市开平市人民西路10号东南90米",1,"江门开平市"
"江门市美团买菜","美团外卖(白石路店)","广东省江门市台山市白石路89号南60米",1,"江门台山市"
"江门市美团买菜","美团专送","广东省江门市江海区麻园路151-110号附近",1,"江门江海区"
"江门市美团买菜","美团专送","江门市蓬江区丰裕路3号",1,"江门蓬江区"
"江门市美团买菜","美团配送","江门市新会区新会大道中与帝临南路交叉路口往东南约150米(新会雅景花园)",1,"江门新会区"
"江门市美团买菜","美团专送","江门市江海区阳山大路与清兰大路交叉路口往西北约100米(世纪新象商住城)",1,"江门江海区"
"江门市美团买菜","美团外卖美团专送","江门市蓬江区文华苑7栋107",1,"江门蓬江区"
"江门市美团买菜","美团外卖(乐祥东路店)",NA,1,NA
"江门市美团买菜","美团专送","广东省江门市江海区麻二路4号115、117室",1,"江门江海区"
"江门市美团买菜","美团专送","广东省江门市蓬江区S270(江杜中路)",1,"江门蓬江区"
"江门市美团买菜","美团外卖(人民西路店)",NA,1,NA
"江门市美团买菜","美团专送","江门市新会区冈州大道中与募兴路交叉路口往东北约200米(恒业大厦东南侧)",1,"江门新会区"
"江门市美团买菜","美团专送","广东省江门市新会区振兴三路12号-2座",1,"江门新会区"
"江门市美团买菜","美团专送","江门市蓬江区港口一路与东港街交叉路口西南侧(美景小学东南侧)",1,"江门蓬江区"
"江门市美团买菜","美团专送","江门市开平市新兴路与新华路交叉路口西侧(新濠华庭西南侧约50米)",1,"江门开平市"
"江门市美团买菜","美团点评","广东省江门市台山市双亭街2号北60米",1,"江门台山市"
"江门市美团买菜","美团专送","广东省江门市蓬江区上巷六巷",1,"江门蓬江区"
"江门市美团买菜","美团专送","广东省江门市蓬江区农林东路37号附近",1,"江门蓬江区"
"江门市美团买菜","美团优选(蓬江配送中心)","广东省江门市蓬江区建达南路6~7号",1,"江门蓬江区"
"江门市美团买菜","美团专送","广东省江门市蓬江区江会路37号附近",1,"江门蓬江区"
"江门市美团买菜","美团专送","江门市新会区南园路与南园新村路交叉路口往东北约50米(嘉怡苑东侧)",1,"江门新会区"
"江门市美团买菜","美团专送","江门市蓬江区东胜里三巷与民兴四街交叉路口往南约150米(禾冈小学南侧约50米)",1,"江门蓬江区"
"江门市美团买菜","美团专送","江门市新会区同德三路与帝临南路交叉路口往东约50米(同德园)",1,"江门新会区"
"江门市美团买菜","美团专送","江门市蓬江区天福路与发展大道交叉路口往东南约200米(骏景湾豪庭)",1,"江门蓬江区"
"江门市美团买菜","美团专送","蓬江区祈东街6号附近",1,"江门蓬江区"
"江门市美团买菜","美团外卖部","江门市鹤山市平和路(共和综合市场西侧约200米)",1,"江门鹤山市"
"江门市美团买菜","美团专送","江门市蓬江区白石大道与丰乐路交叉路口西南侧(骏景花园)",1,"江门蓬江区"
"江门市美团买菜","美团外卖(址山站)","广东省江门市鹤山市人民南路40号",1,"江门鹤山市"
"江门市美团买菜","美团外卖(中心路店)","广东省江门市新会区中心路",1,"江门新会区"
"江门市美团买菜","美团外卖(新河东路店)","江门市新会区新河东路(司前仁爱医院南侧约100米)",1,"江门新会区"
"江门市叮咚买菜","叮咚一夏(桃源总店)","广东省江门市鹤山市桃源大道南12号",1,"江门鹤山市"
"阳江市美团买菜","美团外卖(潮排山路店)","广东省阳江市江城区潮排路18号",1,"阳江江城区"
"阳江市美团买菜","美团优选","广东省阳江市阳春市春城街道阳春产业转移工业园C9-1地块",1,"阳江阳春市"
"阳江市美团买菜","美团外卖(工业大道店)","广东省阳江市阳西县",1,"阳江阳西县"
"阳江市美团买菜","美团优选","阳江市阳西县桥南街与人民中路交叉路口往东南约50米(名生幼儿园西侧约200米)",1,"阳江阳西县"
"阳江市美团买菜","美团外卖(兴顺路店)",NA,1,NA
"阳江市美团买菜","美团外卖(阳春站)","广东省阳江市阳春市松竹路122号",1,"阳江阳春市"
"阳江市美团买菜","美团外卖(蚯判侣返)","广东省阳江市江城区蚯判侣18-1号附近",1,"阳江江城区"
"阳江市美团买菜","美团优选提货点","广东省阳江市江城区北环路白水塘二巷8号",1,"阳江江城区"
"湛江市美团买菜","长布村多多买菜美团优选自提点","广东省湛江市麻章区长布村金德路272号",1,"湛江市区"
"湛江市美团买菜","美团买菜自提点","广东省湛江市吴川市X613",1,"湛江吴川市"
"湛江市美团买菜","美团配送","湛江市霞山区上坡路(智星幼儿园西北侧)",1,"湛江市区"
"湛江市美团买菜","美团","广东省湛江市霞山区上坡塘村87号",1,"湛江市区"
"湛江市美团买菜","美团专送","广东省湛江市赤坎区益民路38号附近",1,"湛江市区"
"湛江市美团买菜","美团专送","湛江市霞山区华荣路与社坛路交叉路口往东南约200米(东新花园)",1,"湛江市区"
"湛江市美团买菜","美团专送","湛江市霞山区绿民路与绿华路交叉路口往西南约200米(录塘文化公园西北侧)",1,"湛江市区"
"湛江市美团买菜","美团专送","湛江市霞山区广州湾大道(中澳友谊花园北侧约50米)",1,"湛江市区"
"湛江市美团买菜","美团专送","广东省湛江市赤坎区拥军路52号附近",1,"湛江市区"
"湛江市美团买菜","美团外卖(廉江站)","广东省湛江市廉江市九洲江大道北",1,"湛江廉江市"
"湛江市美团买菜","美团专送","广东省湛江市坡头区合作路1号北80米",1,"湛江市区"
"湛江市美团买菜","美团优选麻坡网格站配送中心","广东省湛江市坡头区S373(麻坡路)",1,"湛江市区"
"湛江市美团买菜","美团外卖(石城路店)",NA,1,NA
"湛江市美团买菜","淘宝美团产品摄影","广东省湛江市赤坎区",1,"湛江市区"
"湛江市美团买菜","美团外卖(廉江市城南站)","广东省湛江市廉江市美景北路西八街11号",1,"湛江廉江市"
"湛江市美团买菜","美团外卖(廉江站)",NA,1,NA
"湛江市美团买菜","美团外卖(创业南路店)","湛江市廉江市创业南路与石城大道中交叉路口往南约200米(美景幼儿园南侧约50米)",1,"湛江廉江市"
"湛江市美团买菜","美团外卖(南街店)","湛江市廉江市南街与东街交叉路口南侧(金叶大厦西北侧)",1,"湛江廉江市"
"湛江市叮咚买菜","叮咚超市","广东省湛江市赤坎区南桥街道西粤京基城三期8栋叮咚超市",1,"湛江市区"
"湛江市叮咚买菜","叮咚夜宵店",NA,1,NA
"茂名市美团买菜","美团专送","广东省茂名市茂南区计星路一巷60号",1,"茂名茂南区"
"茂名市美团买菜","美团外卖(福华站)","广东省茂名市茂南区官山三路392号",1,"茂名茂南区"
"茂名市美团买菜","美团外卖(化州市北岸站)","茂名市化州市北岸西路与登峰路交叉路口西北侧(化州市第四中学东南侧)",1,"茂名化州市"
"茂名市美团买菜","美团专送","广东省茂名市茂南区官南一街",1,"茂名茂南区"
"茂名市美团买菜","美团外卖(双山二路店)",NA,1,NA
"茂名市美团买菜","美团优选小店","茂名市化州市人民路(化州市官桥中学南侧约200米)",1,"茂名化州市"
"茂名市美团买菜","美团专送","广东省茂名市茂南区荔红四街3号附近",1,"茂名茂南区"
"茂名市美团买菜","美团外卖(河东站)","茂名市化州市向阳路四横巷与北京东二路交叉路口南侧(志威宾馆西南侧约100米)",1,"茂名化州市"
"茂名市美团买菜","美团专送","广东省茂名市茂南区官山一路60号",1,"茂名茂南区"
"茂名市美团买菜","美团专送","广东省茂名市茂南区新福五路166号东南80米",1,"茂名茂南区"
"茂名市美团买菜","美团外卖(人民南路店)","广东省茂名市信宜市人民南路33附近",1,"茂名信宜市"
"茂名市美团买菜","美团外卖(谢观路店)","广东省茂名市高州市Y733(谢观路)",1,"茂名高州市"
"茂名市美团买菜","美团专送(华侨城站)","广东省茂名市茂南区人民南路133号",1,"茂名茂南区"
"茂名市美团买菜","美团外卖(教育路店)","茂名市信宜市教育路与金湖东路交叉路口往北约150米(信宜一中西侧约50米)",1,"茂名信宜市"
"茂名市美团买菜","美团外卖(新城大道店)","茂名市茂南区新城大道与茂东快线交叉路口往北约100米",1,"茂名茂南区"
"茂名市美团买菜","美团外卖(羊东一路店)","广东省茂名市茂南区羊东一路",1,"茂名茂南区"
"茂名市美团买菜","美团优选(六联服务点)","茂名市高州市和平路(高州市沙田中学东南侧约150米)",1,"茂名高州市"
"茂名市叮咚买菜","叮咚店","广东省茂名市电白区海滨大道126号叮咚店",1,"茂名电白区"
"肇庆市盒马鲜生","盒马","肇庆市德庆县龙母西街(鸿景城)",1,"肇庆德庆县"
"肇庆市美团买菜","美团专送","肇庆市端州区翠星路七巷与康乐北路交叉路口往东南约150米(伴月花园东南侧)",1,"肇庆端州区"
"肇庆市美团买菜","美团专送","广东省肇庆市端州区翠星路北一街5号附近",1,"肇庆端州区"
"肇庆市美团买菜","美团专送","肇庆市端州区翠岗路与端州三路四巷交叉路口往北约200米(天鹅堡南侧)",1,"肇庆端州区"
"肇庆市美团买菜","美团专送","肇庆市端州区端州七路与睦洲路交叉路口往西约200米(爱华学校西南侧约150米)",1,"肇庆端州区"
"肇庆市美团买菜","美团专送","肇庆市高要区广新一路与清湖路交叉路口东北侧(南岸初级中学东侧)",1,"肇庆高要区"
"肇庆市美团买菜","美团专送","广东省肇庆市端州区工农南路8-10号附近",1,"肇庆端州区"
"肇庆市美团买菜","美团专送","肇庆市端州区肇庆大道与风顺一街交叉路口西侧(肇庆波海商务酒店)",1,"肇庆端州区"
"肇庆市美团买菜","美团专送","肇庆市高要区金沙路与文明街交叉路口东北侧(天天兴生活广场东南侧)",1,"肇庆高要区"
"肇庆市美团买菜","美团专送(大旺站)","肇庆市四会市天成路(发现美院)",1,"肇庆四会市"
"肇庆市美团买菜","美团专送","肇庆市广宁县百盈大道(坤苑花园北侧)",1,"肇庆广宁县"
"肇庆市美团买菜","美团专送","广东省肇庆市端州区阅江路276号附近",1,"肇庆端州区"
"肇庆市美团买菜","美团专送","肇庆市广宁县环城东路(华美幼儿园东北侧约50米)",1,"肇庆广宁县"
"肇庆市美团买菜","美团专送(城东站)","广东省肇庆市端州区雅图路15号",1,"肇庆端州区"
"肇庆市美团买菜","美团外卖专送",NA,1,NA
"肇庆市美团买菜","美团专送","肇庆市高要区金贸大街(金盛大酒店东南侧约50米)",1,"肇庆高要区"
"肇庆市美团买菜","美团外卖(朝阳东路店)",NA,1,NA
"肇庆市叮咚买菜","叮咚小吃",NA,1,NA
"肇庆市叮咚买菜","叮咚井","肇庆市端州区迎宾大道七星岩旅游度假区内",1,"肇庆端州区"
"清远市美团买菜","美团专送","清远市清城区鹿鸣路与昌记新村西四巷交叉路口往东约50米(城市花园)",1,"清远清城区"
"清远市美团买菜","美团专送","清远市清城区康乐路与半环北路交叉路口往南约200米(晟禾・汇江花园)",1,"清远清城区"
"清远市美团买菜","美团专送","广东省清远市清城区凤翔大道",1,"清远清城区"
"清远市美团买菜","美团专送","清远市清新区中山路与东三街交叉路口往东约100米(时代豪苑)",1,"清远清新区"
"清远市美团买菜","美团专送","广东省清远市清新区G107(清和大道)",1,"清远清新区"
"清远市美团买菜","美团站点","清远市清新区太和镇明霞大道中48号B4栋112号",1,"清远清新区"
"清远市美团买菜","英德市美团外卖(百花路店)",NA,1,NA
"清远市美团买菜","美团专送","清远市清城区静福路与北江一路交叉路口往西南约150米(炒沙新村)",1,"清远清城区"
"清远市美团买菜","美团外卖(福田路店)","广东省清远市佛冈县福田路",1,"深圳福田区"
"清远市美团买菜","美团配送","广东省清远市清城区G107(桥北路)",1,"清远清城区"
"清远市美团买菜","美团外卖(东城站)","广东省清远市清城区增强东大街北四巷11-12号",1,"清远清城区"
"清远市美团买菜","美团专送","广东省清远市清城区G107(桥北路)",1,"清远清城区"
"清远市美团买菜","美团专送","广东省清远市清城区聚龙街34号-1座",1,"清远清城区"
"清远市美团买菜","美团专送","清远市清城区新桂苑东巷与Ｙ００４交叉路口往东南约150米(好运来)",1,"清远清城区"
"清远市美团买菜","美团外卖(东岗路店)",NA,1,NA
"清远市美团买菜","美团工作室","广东省清远市清城区",1,"清远清城区"
"清远市美团买菜","美团专送","广东省清远市清城区连江路4区12-3号楼南80米",1,"清远清城区"
"清远市美团买菜","美团专送(城市百合雅居北)","清远市清城区城市百合雅居1号铺",1,"清远清城区"
"清远市美团买菜","美团外卖(连州店)","广东省清远市连州市良江路",1,"清远连州市"
"清远市美团买菜","美团专送","清远市清城区广业街与广泰街交叉路口东侧(广泰商业街)",1,"清远清城区"
"清远市美团买菜","美团外卖(石角站)","广东省清远市清城区金康大街",1,"清远清城区"
"清远市美团买菜","美团外卖(兴园大道店)","清远市连州市兴园大道",1,"清远连州市"
"清远市美团买菜","美团外卖(丰收路店)","清远市英德市丰收路(沧酆鲜谐∥髂喜嘣50米)",1,"清远英德市"
"揭阳市盒马鲜生","合马鲜生配送","揭阳市普宁市",0,"揭阳普宁市"
"揭阳市盒马鲜生","盒马便当","广东省揭阳市普宁市平湖街",1,"揭阳普宁市"
"揭阳市美团买菜","美团优选","揭阳市普宁市",1,"揭阳普宁市"
"揭阳市美团买菜","美团外卖(普宁运营中心)","揭阳市普宁市环市北路与引榕路交叉路口往东约150米(尚东一品东北侧)",1,"揭阳普宁市"
"揭阳市美团买菜","美团专送","揭阳市榕城区美阳路(揭阳市榕城区红十字会医院东侧约100米)",1,"揭阳榕城区"
"揭阳市美团买菜","美团专送","广东省揭阳市揭东区",1,"揭阳揭东区"
"揭阳市美团买菜","美团专送","揭阳市榕城区顺兴路与进贤门大道交叉路口往西北约150米(梅兜新工业区南侧约250米)",1,"揭阳榕城区"
"揭阳市美团买菜","美团优选","揭阳市惠来县",1,"揭阳惠来县"
"揭阳市美团买菜","美团专送","揭阳市榕城区进贤门大道与港福路交叉路口往南约50米(绿茵豪苑)",1,"揭阳榕城区"
"揭阳市美团买菜","美团外卖(东圃站)",NA,1,NA
"揭阳市美团买菜","美团外卖(占陇站)","广东省揭阳市普宁市",1,"揭阳普宁市"
"揭阳市美团买菜","美团专送","揭阳市揭东区西一街与金凤路交叉路口往东北约200米(巨轮苑东南侧约100米)",1,"揭阳揭东区"
"揭阳市美团买菜","美团外卖(广达站)","广东省揭阳市普宁市福盛东路",1,"揭阳普宁市"
"揭阳市美团买菜","美团专送","揭阳市揭东区烟汕线(王名盛纪念中学东侧约150米)",1,"揭阳揭东区"
"揭阳市美团买菜","美团外卖(赤华南路店)",NA,1,NA
"揭阳市美团买菜","美团外卖(河山一横路店)","揭阳市揭西县河山一横路与河山路交叉路口西北侧(揭西县广播电视大学西侧)",1,"揭阳揭西县"
"揭阳市美团买菜","美团外卖(河山路店)",NA,1,NA
"揭阳市美团买菜","美团专送","揭阳市惠来县惠神北路与广鸣路交叉路口往南约200米(桂欣苑)",1,"揭阳惠来县"
"揭阳市美团买菜","美团外卖(白马站)",NA,1,NA
"揭阳市美团买菜","美团专送","揭阳市榕城区环市西路(荣信幼儿园南侧约150米)",1,"揭阳榕城区"
"揭阳市美团买菜","美团专送","广东省揭阳市榕城区榕港路442号附近",1,"揭阳榕城区"
"揭阳市美团买菜","美团外卖(玉榕路店)","广东省揭阳市榕城区玉榕路",1,"揭阳榕城区"
"揭阳市美团买菜","美团外卖(隆江站)","广东省揭阳市惠来县",1,"揭阳惠来县"
"揭阳市美团买菜","美团专送","广东省揭阳市榕城区榕华大道辅路(田东贤德农民小区门口)",1,"揭阳榕城区"
"揭阳市美团买菜","美团外卖(惠神北路店)",NA,1,NA
"揭阳市美团买菜","美团专送","揭阳市揭东区凤安路(德里中学西侧约50米)",1,"揭阳揭东区"
"揭阳市美团买菜","美团专送(渔湖站)","广东省揭阳市榕城区十一路",1,"揭阳榕城区"
"揭阳市美团买菜","美团专送","揭阳市榕城区紫泰路与仙马路交叉路口往东南约50米(西洋幼儿园北侧约150米)",1,"揭阳榕城区"
"揭阳市美团买菜","美团外卖(河江大道店)","广东省揭阳市揭西县河江大道128号",1,"揭阳揭西县"
"揭阳市美团买菜","美团外卖(广鸣路店)","揭阳市惠来县广鸣路(惠来葵梅市场东北侧)",1,"揭阳惠来县"
"揭阳市美团买菜","美团外卖(金鲤路店)",NA,1,NA
"揭阳市美团买菜","美团外卖(温泉路店)","广东省揭阳市揭西县温泉路14号附近",1,"揭阳揭西县"
"揭阳市美团买菜","美团外卖招募令","揭阳市榕城区新阳东路与晓翠路交叉路口往东北约100米(揭阳市阳光职业学校西侧)",1,"揭阳榕城区"
"揭阳市美团买菜","美团外卖(中兴路店)","揭阳市榕城区玉麟街与中兴路交叉路口往西北约150米(阳光雅园东侧)",1,"揭阳榕城区"
"揭阳市美团买菜","美团外卖(镇南路店)","揭阳市普宁市金鲤路与镇南路交叉路口西侧(里湖茶叶专业市场南侧约100米)",1,"揭阳普宁市"
"揭阳市美团买菜","美团外卖送啥都快","揭阳市惠来县站北路与向东路交叉路口往北约150米(龙湖花园东南侧)",1,"揭阳惠来县"
"揭阳市美团买菜","美团外卖送啥都快","广东省揭阳市惠来县G228(葵和大道)",1,"揭阳惠来县"
"揭阳市叮咚买菜","摇叮咚","广东省揭阳市榕城区东湖路",1,"揭阳榕城区"
"揭阳市叮咚买菜","叮咚琴艺","揭阳市揭西县河山路与农化路交叉路口往东北约100米(军田居委南苑东侧)",1,"揭阳揭西县"
"云浮市美团买菜","美团外卖(红岗西路店)","云浮市罗定市",1,"云浮罗定市"
"云浮市美团买菜","美团外卖(新兴站)","广东省云浮市新兴县东堤南路",1,"云浮新兴县"
"云浮市美团买菜","美团外卖(人民中路店)","云浮市罗定市人民中路与阜康路交叉路口往东约50米(时代名苑西侧)",1,"云浮罗定市"
"云浮市美团买菜","美团外卖(育华路店)","云城区育华路45号",1,"云浮云城区"
"广州市盒马鲜生","盒马鲜生(居然之家店)","广州市天河区汇彩路与黄埔大道东交叉路口往东北约50米(汇乾・中彩大厦南侧约200米)",1,"广州天河区"
"广州市盒马鲜生","盒马鲜生(保利时光里店)","广州市越秀区建设大马路18号保利时光里・广州B1",1,"广州越秀区"
"广州市盒马鲜生","盒马鲜生(新一城店)","广州市海珠区宝岗大道498号广百新一城B1",1,"广州海珠区"
"广州市盒马鲜生","盒马鲜生(广武店)","广州市天河区天河路603号岗顶莱福广场2层",1,"广州天河区"
"广州市盒马鲜生","盒马鲜生(家信店)","广州市海珠区金沙路与工业大道北交叉路口往西约100米(家信商业中心)",1,"广州海珠区"
"广州市盒马鲜生","盒马鲜生(曜一城店)","广州市天河区天河北路719-721号",1,"广州天河区"
"广州市盒马鲜生","盒马鲜生(侨建大厦店)","广东省广州市海珠区南洲路154号",1,"广州海珠区"
"广州市盒马鲜生","盒马鲜生(新都汇店)","广东省广州市白云区西槎路96号新都汇广场二层",1,"广州白云区"
"广州市盒马鲜生","盒马鲜生(合一国际店)","广州市白云区广州大道北1968-2002号合一国际广场2层",1,"广州白云区"
"广州市盒马鲜生","盒马鲜生(广州岭南新世界店)","广东省广州市白云区百顺北路1号新世界云逸云门NEW PRAK商场M层",1,"广州白云区"
"广州市盒马鲜生","盒马鲜生(四海城店)","广东省广州市番禺区汉溪大道",1,"广州番禺区"
"广州市盒马鲜生","盒马生鲜","广东省广州市越秀区越秀北路319号",1,"广州越秀区"
"广州市盒马鲜生","盒马鲜生收货区","广州市花都区茶园南路与松园路交叉路口往西南约100米(路劲天隽峰北侧)",1,"广州花都区"
"广州市盒马鲜生","盒马鲜生(西门口广场店)","广东省广州市荔湾区光复北路725号",1,"广州荔湾区"
"广州市盒马鲜生","盒马鲜生(金菊路店)",NA,1,NA
"广州市盒马鲜生","盒马鲜生(建华路店)","广州市番禺区建华路与大山建华北路二巷交叉路口东南侧(建华汇商业中心)",1,"广州番禺区"
"广州市盒马鲜生","盒马鲜生(富基广场店)","广东省广州市海珠区小港路145号",1,"广州海珠区"
"广州市盒马鲜生","盒马鲜生保利中环店收货部","广东省广州市越秀区东12街1号之1",1,"广州越秀区"
"广州市盒马鲜生","盒马鲜生保利时光里店配送区","广东省广州市越秀区环市东路332号配送区",1,"广州越秀区"
"广州市盒马鲜生","盒马r生(兴南大道店)","广东省广州市番禺区南村镇立鼎商务中心四海城盒马r生",1,"广州番禺区"
"广州市盒马鲜生","盒马生鲜","广东省广州市越秀区中环大厦盒马生鲜",1,"广州越秀区"
"广州市盒马鲜生","盒马","广州市越秀区梓元岗路(尚峰五金皮料交易市场)",1,"广州越秀区"
"广州市盒马鲜生","盒马来了","广州市海珠区工业大道北与荔福路交叉路口西北侧(家信商业中心)",1,"广州海珠区"
"广州市朴朴超市","朴朴超市","广东省广州市海珠区凤阳街道泰沙路28号扑扑超市",1,"广州海珠区"
"广州市美团买菜","美团买菜","南珠北街路18号1层101-2室",1,NA
"广州市美团买菜","美团买菜门店","广东广州市天河区员村街道四横路八号石东商务中心",1,"广州天河区"
"广州市美团买菜","美团买菜","天河区兴华路30号",1,"广州天河区"
"广州市美团买菜","美团买菜(南业路站)","广东省广州市番禺区建业路103号",1,"广州番禺区"
"广州市美团买菜","美团买菜","广东省广州市天河区潭村路110号东80米",1,"广州天河区"
"广州市美团买菜","美团买菜","广深西大道63号",1,NA
"广州市美团买菜","美团买菜","区天河区龙洞第三工业区",1,"广州天河区"
"广州市美团买菜","美团买菜","广州市黄埔区港前路(悦涛雅苑东侧约100米)",1,"广州黄埔区"
"广州市美团买菜","美团买菜","广东省广州市黄埔区萝岗公路街自编13号附近",1,"广州黄埔区"
"广州市美团买菜","美团买菜","广东省广州市黄埔区茅岗路90号",1,"广州黄埔区"
"广州市美团买菜","美团买菜","广州市番禺区圆岗大道东路(7号小镇创意园)",1,"广州番禺区"
"广州市美团买菜","美团买菜","广州市番禺区石清公路与北环西路交叉路口往东南约100米(建发广场番禺西南侧)",1,"广州番禺区"
"广州市美团买菜","美团买菜","广州市天河区龙口中路与龙口东路交叉路口东侧(华天国际广场)",1,"广州天河区"
"广州市美团买菜","美团买菜","敦和路85号协爽IDEA创工场",1,NA
"广州市美团买菜","美团买菜","广东省广州市白云区同沙路天健家居装饰广场B栋",1,"广州白云区"
"广州市美团买菜","美团买菜","广东省广州市白云区兴源五金商贸城二街1号",1,"广州白云区"
"广州市美团买菜","美团买菜","人民北路604号-2",1,NA
"广州市美团买菜","美团买菜","广州市白云区南村南路与鹤龙四路交叉路口西南侧(欣欣幼儿园东北侧)",1,"广州白云区"
"广州市美团买菜","美团买菜","广州市越秀区三元里大道(民生商业大厦)",1,"广州越秀区"
"广州市美团买菜","美团买菜","茅岗路98号",1,NA
"广州市美团买菜","美团买菜","广州市番禺区河村西路与南大路交叉路口往东南约150米(5号科创谷)",1,"广州番禺区"
"广州市美团买菜","美团买菜","夏茅海口科创园石夏路23号",1,NA
"广州市美团买菜","美团买菜","广州市白云区广州大道北(金汇假日酒店东北侧约50米)",1,"广州白云区"
"广州市美团买菜","中南三路美团买菜","广东省广州市番禺区大石街道东联工业区中心南路67号东盛大楼中南三路美团买菜",1,"广州番禺区"
"广州市美团买菜","美团买菜","广州市白云区石槎路(宾利国际大厦西北侧)",1,"广州白云区"
"广州市美团买菜","美团配送站","广东省广州市越秀区东昌南街22号101室",1,"广州越秀区"
"广州市美团买菜","美团买菜(花地商业中心店)","广州荔湾区百花路8号花地商业中心F1",1,"广州荔湾区"
"广州市美团买菜","美团买菜","棠涌黄沙岗东一街帕斯网咖隔壁",1,NA
"广州市美团买菜","美团买菜","广东省广州市白云区望岗工业二路20号",1,"广州白云区"
"广州市美团买菜","美团买菜","广州市天河区高唐路(广电物业大厦)",1,"广州天河区"
"广州市美团买菜","美团买菜","广州市白云区京深线与新围路交叉路口往北约50米(福星文体广场)",1,"广州白云区"
"广州市美团买菜","美团专送","广东省广州市白云区新市西街43号西60米",1,"广州白云区"
"广州市美团买菜","美团买菜","广州市白云区白云堡道与白云堡立交桥交叉路口往东南约50米(维也纳酒店)",1,"广州白云区"
"广州市美团买菜","美团买菜(员岗站)","广东省广州市番禺区观景路232-1",1,"广州番禺区"
"广州市美团买菜","美团买菜(白云东平店)","广东省广州市白云区X304(均禾大道)",1,"广州白云区"
"广州市美团买菜","美团专送","广州市海珠区宝岗大道与南田路交叉路口往南约150米(翠屏・瀚宇贵都东侧)",1,"广州海珠区"
"广州市美团买菜","美团外卖(明珠街店)","广东省广州市天河区明珠街39号",1,"广州天河区"
"广州市美团买菜","美团站点","广东省广州市荔湾区周门街2号-5",1,"广州荔湾区"
"广州市美团买菜","美团外卖(黄边站)","广东省广州市白云区乐鸣一街55号",1,"广州白云区"
"广州市美团买菜","美团外卖(站点ID2007426)","广东省广州市番禺区庭福路",1,"广州番禺区"
"广州市叮咚买菜","叮咚买菜门店","广东省广州市荔湾区芳信路33号附近",1,"广州荔湾区"
"广州市叮咚买菜","叮咚买菜","广州市南沙区富佳北街与惠昌街交叉路口往东约50米(紫茗花园)",1,"广州南沙区"
"广州市叮咚买菜","叮咚买菜","广州市天河区兴华路与兴华直街交叉路口东侧(天河峰景大厦)",1,"广州天河区"
"广州市叮咚买菜","叮咚买菜","广州市荔湾区东]北路与百花路交叉路口往北约100米(丽和华庭)",1,"广州荔湾区"
"广州市叮咚买菜","叮咚买菜店里","广东省广州市天河区车陂街道中山大道中六号雅景大广场叮咚买菜店里",1,"广州天河区"
"广州市叮咚买菜","叮咚买菜","广州市番禺区沿沙路(能达商务大厦)",1,"广州番禺区"
"广州市叮咚买菜","叮咚买菜","广州市番禺区福景路与德贤路交叉路口北侧(昊龙花园)",1,"广州番禺区"
"广州市叮咚买菜","叮咚买菜站点","广东省广州市番禺区市桥街道桥兴大道229号叮咚买菜站点",1,"广州番禺区"
"广州市叮咚买菜","叮咚买菜","广东省广州市海珠区万寿路7号",1,"广州海珠区"
"广州市叮咚买菜","叮咚买菜","广州市南沙区板头九街与金岭北路交叉路口往东约50米(广州市勇源日用品工业有限公司)",1,"广州南沙区"
"广州市叮咚买菜","叮咚买菜店里","广东省广州市天河区珠吉街道东环路113号正穗大厦叮咚买菜店里",1,"广州天河区"
"广州市叮咚买菜","叮咚买菜","广州市天河区迎龙路(兴楠创意园)",1,"广州天河区"
"广州市叮咚买菜","叮咚买菜","广东省广州市白云区齐富北路16号-之1附近",1,"广州白云区"
"广州市叮咚买菜","叮咚买菜","广东省广州市白云区西槎路588号东南50米",1,"广州白云区"
"广州市叮咚买菜","叮咚买菜(琶洲站)","广州市海珠区广州环城高速与新港东路交叉路口往北约200米(琶洲幼儿园东北侧)",1,"广州海珠区"
"广州市叮咚买菜","叮咚买菜","海珠区蓝田路杏林小区10号楼",1,"广州海珠区"
"广州市叮咚买菜","叮咚买菜","广州市荔湾区周门南路与周门路交叉路口往西约50米(中兴苑)",1,"广州荔湾区"
"广州市叮咚买菜","叮咚买菜站点","广东广州市天河区黄村街道黄村北环路26号润豪家具叮咚买菜站点",1,"广州天河区"
"广州市叮咚买菜","欧梵叮咚买菜","广东省广州市白云区黄庄南路74号欧梵叮咚买菜",1,"广州白云区"
"广州市叮咚买菜","叮咚买菜","广州市海珠区昌岗中路与宝岗大道交叉路口往西南约150米(广州远洋沙园小区北侧)",1,"广州海珠区"
"广州市叮咚买菜","叮咚买菜","广州市番禺区泰兴路与市莲路交叉路口东南侧(华汇大厦)",1,"广州番禺区"
"广州市叮咚买菜","叮咚买菜","广州市增城区东坑四横路与富源路交叉路口西北侧(增城九龙男科西南侧约50米)",1,"广州增城区"
"广州市叮咚买菜","叮咚买菜","广州市番禺区兴业大道西(毓宏1号)",1,"广州番禺区"
"广州市叮咚买菜","叮咚买菜","广州市黄埔区城门大街(黄埔国光学校东侧约50米)",1,"广州黄埔区"
"广州市叮咚买菜","叮咚买菜","广州市白云区白云堡道与白云堡立交桥交叉路口往东南约50米(维也纳酒店)",1,"广州白云区"
"广州市叮咚买菜","叮咚买菜","广东省广州市海珠区赤岗东路335、339附近",1,"广州海珠区"
"广州市叮咚买菜","叮咚买菜","广东省广州市海珠区尚岭一街",1,"广州海珠区"
"广州市叮咚买菜","叮咚买菜","广东省广州市越秀区六榕路65号7楼附近",1,"广州越秀区"
"广州市叮咚买菜","叮咚买菜","广东省广州市黄埔区香雪大道",1,"广州黄埔区"
"广州市叮咚买菜","叮咚买菜","广州市番禺区桥兴大道与扶风大街交叉路口西侧(雅居乐鸿禧华庭2期西侧)",1,"广州番禺区"
"广州市叮咚买菜","麦乐叮咚(嘉禾店)","广东省广州市白云区东胜北街28号",1,"广州白云区"
"深圳市盒马鲜生","盒马鲜生(龙华1881店)","广东省深圳市龙华区民治大道342号1881MALL二层",1,"深圳龙华区"
"深圳市盒马鲜生","盒马鲜生(民治店)","广东省深圳市龙华区民治大道牛栏前大厦岁宝百货2楼",1,"深圳龙华区"
"深圳市盒马鲜生","盒马鲜生(幸福城店)","广东省深圳市龙华区和平路与清泉路交汇处清湖地铁站D口1979圈圈购物中心M层",1,"深圳龙华区"
"深圳市盒马鲜生","盒马鲜生(景田店)","深圳市福田区景田南路30号岁宝百货2层",1,"深圳福田区"
"深圳市盒马鲜生","盒马鲜生(桃源村岁宝店)","深圳市南山区龙珠八路16号岁宝百货B1层",1,"深圳南山区"
"深圳市盒马鲜生","盒马鲜生(皇庭广场店)","深圳市福田区福华三路118号皇庭广场B1",1,"深圳福田区"
"深圳市盒马鲜生","盒马鲜生(花好园店)","深圳市福田区沙头街道滨河大道9299号花好园2层201号",1,"深圳福田区"
"深圳市盒马鲜生","盒马鲜生(水贝IBC MALL店)","深圳市罗湖区布心路3008号IBC环球商务中心B1层",1,"深圳罗湖区"
"深圳市盒马鲜生","盒马鲜生(红宝店)","深圳市罗湖区桂圆街道宝安南路2139号日豪名园裙楼1-2层",1,"深圳罗湖区"
"深圳市盒马鲜生","盒马鲜生(益田岁宝店)","深圳市福田区福强路3017号益田岁宝广场1层",1,"深圳福田区"
"深圳市盒马鲜生","盒马鲜生(荟悦城店)","广东省深圳市宝安区新安四路荟悦城生活广场一层",1,"深圳宝安区"
"深圳市盒马鲜生","盒马鲜生(锦荟店)","广东省深圳市龙岗区横岗街道龙岗大道1018号锦荟广场1层",1,"深圳龙岗区"
"深圳市盒马鲜生","盒马鲜生(莲塘聚福岁宝店)","深圳市罗湖区聚福路与聚宝路交汇处聚福盒马里2层",1,"深圳罗湖区"
"深圳市盒马鲜生","盒马鲜生(南山信和广场店)","深圳市南山区南海大道2088号信和购物广场B1层",1,"深圳南山区"
"深圳市盒马鲜生","盒马鲜生(香悦里店)","广东省深圳市南山区招商东路与后海滨路交叉口恒裕滨城二期香悦里B1层",1,"深圳南山区"
"深圳市盒马鲜生","盒马鲜生(志健广场店)","龙岗区茂盛路1号志健时代广场2层",1,"深圳龙岗区"
"深圳市盒马鲜生","盒马鲜生(南山水湾1979店)","深圳市南山区荔园路水湾壹玖柒玖广场一期B1层",1,"深圳南山区"
"深圳市盒马鲜生","盒马鲜生客服中心(益田假日天地店)","深圳市宝安区永泰西路与广深公路交叉路口往西南约50米(怀德公元)",1,"深圳宝安区"
"深圳市盒马鲜生","盒马鲜生(福永益田店)","深圳市宝安区广深路福永段77号益田假日天地B1层",1,"深圳宝安区"
"深圳市盒马鲜生","盒马鲜生(龙翔岁宝店)","广东省深圳市龙岗区龙翔大道6045号岁宝百货2层",1,"深圳龙岗区"
"深圳市盒马鲜生","盒马鲜生(欢乐时光店)","广东省深圳市南山区侨香路天鹅湖花园三期OCT PARK B1层",1,"深圳南山区"
"深圳市盒马鲜生","盒马鲜生(宝树台店)","广东省深圳市福田区燕南路31号",1,"深圳福田区"
"深圳市盒马鲜生","盒马鲜生配送区","深圳市福田区福强路(益田大厦)",1,"深圳福田区"
"深圳市盒马鲜生","盒马鲜生(翰邻城店)","广东省深圳市龙岗区龙城街道回龙埔社区龙平西路28-2号",1,"深圳龙岗区"
"深圳市盒马鲜生","盒马鲜生(宝石南路店)",NA,1,NA
"深圳市盒马鲜生","盒马鲜生(红山6979店)","广东省深圳市龙华区民治街道大岭社区红山6979二期7栋B135号",1,"深圳龙华区"
"深圳市盒马鲜生","盒马鲜生收货入口","广东省深圳市宝安区锦花路",1,"深圳宝安区"
"深圳市盒马鲜生","盒马里岁宝(莲塘店)","深圳市罗湖区莲塘路168号",1,"深圳罗湖区"
"深圳市盒马鲜生","盒马鲜生民治店收货口","深圳市龙华区新牛路与民治大道交叉路口往南约50米(牛栏前大厦)",1,"深圳龙华区"
"深圳市盒马鲜生","盒马鲜生深圳加工中心","龙岗区环山路34号",1,"深圳龙岗区"
"深圳市盒马鲜生","盒马鲜美生活","深圳市南山区一甲东街与南头文化街交叉路口往东约200米(南山豪庭)",1,"深圳南山区"
"深圳市盒马鲜生","盒马生鲜","广东省深圳市福田区香蜜湖街道益华大厦",1,"深圳福田区"
"深圳市盒马鲜生","盒马鲜生-收货通道","广东省深圳市南山区招商东路B1层",1,"深圳南山区"
"深圳市朴朴超市","朴朴超市","深圳市福田区华阳街与华发南路交叉路口往西约50米(鹏福楼)",1,"深圳福田区"
"深圳市朴朴超市","朴朴超市","福田街道福华三路恒运豪庭朴朴超市",1,"深圳福田区"
"深圳市朴朴超市","朴朴超市","广东省深圳市罗湖区红岗路1188号君帆星商务宾馆2层",1,"深圳罗湖区"
"深圳市朴朴超市","朴朴超市","广东省深圳市福田区八卦二路四栋3-5层",1,"深圳福田区"
"深圳市朴朴超市","朴朴超市","广东省深圳市福田区华发北路75",1,"深圳福田区"
"深圳市朴朴超市","朴朴超市","广东省深圳市福田区凯丰路6号",1,"深圳福田区"
"深圳市朴朴超市","朴朴超市","广东省深圳市南山区龙井村路",1,"深圳南山区"
"深圳市朴朴超市","朴朴超市","广东省深圳市南山区龙珠大道355号",1,"深圳南山区"
"深圳市朴朴超市","朴朴超市","莲塘街道罗湖区国威路6号莲塘投资大厦",1,"深圳罗湖区"
"深圳市朴朴超市","域朴朴超市","广东省深圳市宝安区沙井街道沙茔三路西二巷兴达商务大厦朴n朴超市",1,"深圳宝安区"
"深圳市朴朴超市","朴朴超市深圳市朴朴网络科技有限公司","广东省深圳市宝安区西乡大道３４１号国汇通商务大厦",1,"深圳宝安区"
"深圳市朴朴超市","朴朴超市","广东省深圳市福田区泰然五路F4-8栋",1,"深圳福田区"
"深圳市朴朴超市","朴朴超市(佳嘉豪商务分店)","广东省深圳市南山区南头街道佳嘉豪商务大厦",1,"深圳南山区"
"深圳市朴朴超市","朴朴超市公司","广东省深圳市福田区南园街道红岭大厦红岭大厦5栋朴朴超市公司",1,"深圳福田区"
"深圳市朴朴超市","朴朴超市","广东省深圳市福田区沙嘴路53号",1,"深圳福田区"
"深圳市美团买菜","美团买菜(安乐站)","广东省深圳市宝安区甲岸路18-18",1,"深圳宝安区"
"深圳市美团买菜","美团买菜(桂园站)","桂园路46-2号",1,NA
"深圳市美团买菜","美团买菜","广东省深圳市罗湖区聚宝路173-6",1,"深圳罗湖区"
"深圳市美团买菜","美团买菜(前海站)","深圳市南山区前海路以东心语家园商铺一楼",1,"深圳南山区"
"深圳市美团买菜","美团买菜","新安街道71区留仙三路翻身综合楼一楼",1,NA
"深圳市美团买菜","美团买菜","布吉路英达花园裙楼一层16号",1,NA
"深圳市美团买菜","美团买菜(粤海站)","深圳市南山区琼宇路5号51大厦(51大厦)",1,"深圳南山区"
"深圳市美团买菜","美团买菜","广东省深圳市龙岗区碧新路2152",1,"深圳龙岗区"
"深圳市美团买菜","美团买菜","深圳市宝安区航城大道与州航路交叉路口往西南约100米(光电研发大厦西南侧)",1,"深圳宝安区"
"深圳市美团买菜","美团买菜","太子工业大厦",1,NA
"深圳市美团买菜","美团买菜","深圳市龙岗区南坑路(坂田街道南坑第一工业区)",1,"深圳龙岗区"
"深圳市美团买菜","美团买菜","金田路2022号华轩大厦一层",1,NA
"深圳市美团买菜","美团买菜","深圳市龙岗区五和大道与雅园路交叉路口北侧(金方华电商产业园)",1,"深圳龙岗区"
"深圳市美团买菜","美团买菜","广东省深圳市龙华区宝志工业路13东南60米",1,"深圳龙华区"
"深圳市美团买菜","美团买菜","崇光路与新沙路交叉口亿康广场",1,NA
"深圳市美团买菜","美团买菜","建达工业区新安三路118号",1,NA
"深圳市美团买菜","美团买菜","横岗街道茂盛村福安街16号",1,NA
"深圳市美团买菜","美团买菜","深圳市龙岗区吉祥路与龙平西路交叉路口往东北约50米(紫悦龙庭)",1,"深圳龙岗区"
"深圳市美团买菜","美团买菜","建新村龙翔大道A1号楼新丰路北(商洲创意园)",1,"韶关新丰县"
"深圳市美团买菜","美团买菜","广东省深圳市龙华区民治街道上芬社区西头工业区3号101室",1,"深圳龙华区"
"深圳市美团买菜","美团买菜","广东省深圳市南山区蛇口新街22-11",1,"深圳南山区"
"深圳市美团买菜","美团买菜","龙城路6号",1,NA
"深圳市美团买菜","美团买菜","松岗街道勋业街14-1室",1,NA
"深圳市美团买菜","美团买菜(西丽站)","南山区新高路151号早安居",1,"深圳南山区"
"深圳市美团买菜","美团买菜(松福站)","广东省深圳市宝安区新和大道3号伟联大厦",1,"深圳宝安区"
"深圳市美团买菜","美团买菜店","广东省深圳市龙华区福城街道万悦城麦当劳旁美团买菜店",1,"深圳龙华区"
"深圳市美团买菜","美团买菜","西乡大道233号",1,NA
"深圳市美团买菜","美团买菜","永和路68号",1,NA
"深圳市美团买菜","美团买菜(民治站)","龙华区民康路292号品客小镇青创城",1,"深圳龙华区"
"深圳市美团买菜","美团买菜","宝龙街道南约社区高科大道56号万达产业园2号厂房1-1",1,"揭阳产业园"
"深圳市美团买菜","美团买菜","深圳市宝安区西乡大道与兴业路交叉路口东南侧(宝和苑)",1,"深圳宝安区"
"深圳市美团买菜","美团买菜","深圳市龙华区华宁路与华荣路交叉路口往东约200米(嘉义源科技园)",1,"深圳龙华区"
"深圳市美团买菜","美团买菜","深圳市福田区梅林路与凯丰路交叉路口东北侧(中国石化西侧)",1,"深圳福田区"
"深圳市美团买菜","美团买菜","梅河街道梅河社区梅星路5-6号",1,NA
"深圳市美团买菜","美团买菜","石岩街道金台路7号",1,NA
"深圳市美团买菜","美团买菜","广东省深圳市坪山区深汕路55附近",1,"深圳坪山区"
"深圳市美团买菜","美团买菜","广东省深圳市龙岗区黄金南路",1,"深圳龙岗区"
"深圳市美团买菜","美团买菜","深圳市福田区上沙商业大街(森达楼东南侧)",1,"深圳福田区"
"深圳市美团买菜","美团买菜","深圳市南山区南头街与前海路交叉路口往东约50米(涌下村西北侧)",1,"深圳南山区"
"深圳市美团买菜","美团买菜","广东省深圳市福田区海虹道23附近",1,"深圳福田区"
"深圳市美团买菜","美团买菜","布吉街道罗岗社区信义荔景御园E区3栋A座1楼",1,NA
"深圳市美团买菜","美团买菜","横岗街道六约社区深竹路D1号星展创意园D栋1001-1002号",1,NA
"深圳市美团买菜","美团买菜","深圳市宝安区新和大道与福和路交叉路口往西北约50米(伟联大厦)",1,"深圳宝安区"
"深圳市美团买菜","美团买菜","坑梓街道黄金海岸广场一层",1,NA
"深圳市美团买菜","美团买菜","南湖路2017-12号",1,NA
"深圳市美团买菜","美团买菜","深圳市龙岗区翔鸽路与南环路交叉路口往北约150米(深圳布吉华润万象汇)",1,"深圳龙岗区"
"深圳市美团买菜","美团买菜","黄贝岭罗沙路沿河北路辅路(银丰大厦一楼)",1,NA
"深圳市美团买菜","美团买菜","广东省深圳市盐田区沙深路37-5号",1,"深圳盐田区"
"深圳市美团买菜","美团买菜","公明街道上村社区仙庄路12号一层102-103室",1,NA
"深圳市美团买菜","美团买菜","深圳市宝安区上寮工业路与上北五路交叉路口西南侧(沙井上南市场南侧)",1,"深圳宝安区"
"深圳市美团买菜","美团买菜","广东省深圳市宝安区新安六路1005南60米",1,"深圳宝安区"
"深圳市美团买菜","美团买菜门店","广东省深圳市龙华区民治街道皇嘉梅陇公馆b栋美团买菜门店",1,"深圳龙华区"
"深圳市美团买菜","美团买菜","深圳市福田区深南中路与华富路交叉路口南侧(福田大厦)",1,"深圳福田区"
"深圳市美团买菜","美团买菜","布龙路18号中百饰创意文化设计园2002",1,NA
"深圳市美团买菜","美团买菜","广东省深圳市福田区农林路51号附近",1,"深圳福田区"
"深圳市美团买菜","美团买菜","深圳市龙岗区",1,"深圳龙岗区"
"深圳市美团买菜","美团买菜","深圳市龙岗区红棉路(港华高科技园东南侧约50米)",1,"深圳龙岗区"
"深圳市美团买菜","美团买菜","深圳市南山区兴海大道(荔山工业园)",1,"深圳南山区"
"深圳市美团买菜","美团买菜门店","广东省深圳市南山区南园枫叶公寓b座",1,"深圳南山区"
"深圳市美团买菜","美团买菜","新华路南59号",1,NA
"深圳市美团买菜","美团买菜","深圳市龙岗区Ｙ２０５(广弘中心)",1,"深圳龙岗区"
"深圳市美团买菜","美团买菜","广东省深圳市南山区香山东街1号北90米",1,"深圳南山区"
"深圳市美团买菜","美团买菜","深圳市南山区龙井路与高发科技园一路交叉路口往北约150米(龙井村)",1,"深圳南山区"
"深圳市美团买菜","美团买菜","广东省深圳市南山区南商路56号附近",1,"深圳南山区"
"深圳市美团买菜","美团买菜","广东省深圳市罗湖区沿河南路1116号附近",1,"深圳罗湖区"
"深圳市美团买菜","美团买菜","深圳市宝安区",1,"深圳宝安区"
"深圳市美团买菜","美团站点","广东省深圳市南山区南新路2071大陆庄园顺景阁B005",1,"深圳南山区"
"深圳市美团买菜","美团买菜","深圳市南山区西丽路(丽苑村北侧)",1,"深圳南山区"
"深圳市美团买菜","美团专送","广东省深圳市龙岗区岭背东10巷2号1楼",1,"深圳龙岗区"
"深圳市美团买菜","美团专送","广东省深圳市福田区下沙街8坊81号",1,"深圳福田区"
"深圳市美团买菜","美团专送(君子布站)","广东省深圳市龙华区观平路谷龙湖二村16号楼1楼",1,"深圳龙华区"
"深圳市美团买菜","美团外卖(西乡站)","广东省深圳市宝安区宝源二区248号一楼广东省深圳市宝安区商业街29号",1,"深圳宝安区"
"深圳市美团买菜","美团(深圳宝安仓)","广东省深圳市宝安区南环路305",1,"深圳宝安区"
"深圳市美团买菜","美团专送","广东省深圳市龙华区景龙建设路",1,"深圳龙华区"
"深圳市美团买菜","美团外卖公明站","广东省深圳市光明区静宁路63",1,"深圳光明区"
"深圳市美团买菜","美团专送(捷径西乡站)","广东省深圳市宝安区宝安大道4001-51",1,"深圳宝安区"
"深圳市美团买菜","美团外卖(龙华大道店)","广东省深圳市龙华区民德路",1,"深圳龙华区"
"深圳市美团买菜","美团外卖专送站点","广东省深圳市宝安区怡园路3001",1,"深圳宝安区"
"深圳市叮咚买菜","叮咚买菜","广东省深圳市罗湖区莲塘街道聚宝路175号叮咚买菜",1,"深圳罗湖区"
"深圳市叮咚买菜","叮咚买菜(梅林店)","广东省深圳市福田区梅林街道上梅林梅林路133-18号",1,"深圳福田区"
"深圳市叮咚买菜","叮咚买菜(八卦岭站)","广东省深圳市福田区八卦食街八卦五街6号",1,"深圳福田区"
"深圳市叮咚买菜","叮咚买菜","广东省深圳市罗湖区宝岗路269号",1,"深圳罗湖区"
"深圳市叮咚买菜","叮咚买菜站点","广东省深圳市马田街道马山头长乐街48号马山头1号广场叮咚买菜店",1,NA
"深圳市叮咚买菜","叮咚买菜门店","广东省深圳市龙岗区龙岗街道同乐新亚洲家具材料新星路6号叮咚买菜门店",1,"深圳龙岗区"
"深圳市叮咚买菜","叮咚买菜","广东省深圳市龙岗区龙平东路285",1,"深圳龙岗区"
"深圳市叮咚买菜","叮咚买菜","深圳市宝安区共和工业路与银田工业路交叉路口北侧(银田创意园东北侧)",1,"深圳宝安区"
"深圳市叮咚买菜","叮咚买菜","广东省深圳市龙岗区白灰尾1176淇腾综合楼叮咚买菜",1,"深圳龙岗区"
"深圳市叮咚买菜","叮咚买菜","西乡街道广东深圳市宝安区西乡碧海中心区海城路与宝源路交汇处东南角坪洲小学旁广兴源圣拿威湾美花园9栋",1,"深圳宝安区"
"深圳市叮咚买菜","叮咚买菜门店","广东省深圳市南山区桃源街道龙珠大道159号龙辉花园19栋",1,"深圳南山区"
"深圳市叮咚买菜","叮咚买菜","光明区田湾路97号百思富创客",1,"深圳光明区"
"深圳市叮咚买菜","叮咚买菜","深圳市宝安区金台路(伟建科技南侧)",1,"深圳宝安区"
"深圳市叮咚买菜","叮咚买菜","枫叶大厦B座111A",1,NA
"深圳市叮咚买菜","叮咚买菜","深圳市南山区南新路与丁头北巷交叉路口西北侧(仓前锦福苑-南苑)",1,"深圳南山区"
"深圳市叮咚买菜","叮咚买菜","深圳市龙岗区冲之大道与隆平路交叉路口往东南约50米(新天下工业城)",1,"深圳龙岗区"
"深圳市叮咚买菜","叮咚买菜","沙河西路16号A栋1层106",1,NA
"深圳市叮咚买菜","叮咚买菜","深圳市宝安区宝安大道与鞍山五路交叉路口往北约150米(雅居园)",1,"深圳宝安区"
"深圳市叮咚买菜","叮咚买菜(公明站)","广东省深圳市光明区民生路86号研创谷3栋一楼",1,"深圳光明区"
"深圳市叮咚买菜","叮咚买菜","广东省深圳市龙华区电站路51",1,"深圳龙华区"
"深圳市叮咚买菜","叮咚买菜","广东省深圳市龙华区美澜路",1,"深圳龙华区"
"深圳市叮咚买菜","叮咚买菜","广东省深圳市宝安区甲岸路18号宝安安乐科技创新园",1,"深圳宝安区"
"深圳市叮咚买菜","叮咚买菜(水径店)","广东省深圳市龙岗区三联大道2号",1,"深圳龙岗区"
"深圳市叮咚买菜","叮咚买菜","广东省深圳市罗湖区沿河南路1120-1",1,"深圳罗湖区"
"深圳市叮咚买菜","叮咚买菜","百花三街老虚村太子工业大厦",1,NA
"深圳市叮咚买菜","叮咚买菜","深圳市福田区凯丰路与梅林路交叉路口西北侧(深圳市公安局出入境管理处梅林自助服务大厅东侧约50米)",1,"深圳福田区"
"深圳市叮咚买菜","叮咚买菜","金田路4028号荣超经贸中心40楼",1,NA
"深圳市叮咚买菜","叮咚买菜","广东省深圳市南山区登良路12-7号后海综合楼首层A09号",1,"深圳南山区"
"深圳市叮咚买菜","叮咚买菜门店","广东省深圳市龙岗区横岗街道新塘坑88工业区叮咚买菜门店",1,"深圳龙岗区"
"深圳市叮咚买菜","叮咚买菜","广东省深圳市南山区后海大道21号",1,"深圳南山区"
"深圳市叮咚买菜","叮咚买菜","深圳市宝安区宝源路与碧湾路交叉路口西侧(海滨科技大厦)",1,"深圳宝安区"
"深圳市叮咚买菜","叮咚买菜","深圳市宝安区福永大道与白石厦大道东交叉路口往南约50米(宝利来国际大酒店)",1,"深圳宝安区"
"深圳市叮咚买菜","叮咚买菜门店","广东深圳市宝安区航城街道西部硅谷c座叮咚买菜门店",1,"深圳宝安区"
"深圳市叮咚买菜","叮咚买菜仓","广东省深圳市南山区粤海街道琼宇路51大厦叮咚买菜仓",1,"深圳南山区"
"深圳市叮咚买菜","叮咚买菜","坪山区振环路1号京基御景印象四期4-1-48",1,"深圳坪山区"
"深圳市叮咚买菜","叮咚买菜","深圳市宝安区和旺二路与沙井西环路交叉路口西南侧(九九工业区)",1,"深圳宝安区"
"深圳市叮咚买菜","叮咚买菜","宝安区沙井街道新沙路金禧商务宾馆533号叮咚买菜",1,"深圳宝安区"
"深圳市叮咚买菜","叮咚买菜宝华站","广东省深圳市龙华区龙华街道龙发路424-5宝华工业区16栋叮咚买菜宝华站",1,"深圳龙华区"
"深圳市叮咚买菜","叮咚买菜","深圳市福田区建业三街与京港澳高速交叉路口往东约200米",1,"深圳福田区"
"深圳市叮咚买菜","叮咚买菜","深圳市龙岗区联光路与布龙路交叉路口西北侧(深圳金民安商务酒店)",1,"深圳龙岗区"
"深圳市叮咚买菜","叮咚买菜","广东省深圳市罗湖区文锦中路2105号附近",1,"深圳罗湖区"
"深圳市叮咚买菜","叮咚买菜","深圳市坪山区新强路(培英学校南侧约50米)",1,"深圳坪山区"
"深圳市叮咚买菜","叮咚买菜站点","广东省深圳市宝安区沙井街道后亭社区新宝益工贸大厦a栋",1,"深圳宝安区"
"深圳市叮咚买菜","叮咚买菜(香蜜湖店)","广东省深圳市福田区香梅路1040",1,"深圳福田区"
"深圳市叮咚买菜","叮咚买菜","深圳市宝安区新安四路一巷与布玉街交叉路口西北侧(陆兴小学东北侧)",1,"深圳宝安区"
"深圳市叮咚买菜","叮咚买菜","深圳市南山区南头街与前海路交叉路口往东北约150米(吉祥花园西北侧)",1,"深圳南山区"
"深圳市叮咚买菜","叮咚买菜","广东省深圳市宝安区塘坊花园一巷19号附近",1,"深圳宝安区"
"深圳市叮咚买菜","叮咚买菜龙山站","南湾街道三角街4号乌托邦1楼101-103",1,"中山三角镇"
"深圳市叮咚买菜","叮咚买菜","广东省深圳市福田区华富街道设计之都10号设计楼",1,"深圳福田区"
"深圳市叮咚买菜","叮咚买菜","深圳市福田区红荔路与工发路交叉路口东侧(上步工业区)",1,"深圳福田区"
"深圳市叮咚买菜","叮咚买菜","深圳市龙华区观盛二路(益鹏工业区)",1,"深圳龙华区"
"深圳市叮咚买菜","叮咚买菜","深圳市宝安区宝民一路与兴华二路交叉路口往东南约50米(华丰甲岸商务中心)",1,"深圳宝安区"
"深圳市叮咚买菜","叮咚买菜","广东省深圳市宝安区蚝业路4-5附近",1,"深圳宝安区"
"深圳市叮咚买菜","叮咚买菜","广东省深圳市龙岗区平龙西路75号附近",1,"深圳龙岗区"
"深圳市叮咚买菜","叮咚买菜","广东省深圳市龙岗区雪浩路",1,"深圳龙岗区"
"深圳市叮咚买菜","叮咚买菜","深圳市宝安区高业七路与航城工业区４号路交叉路口往西南约50米(深圳市展丰实业有限公司工业园西南侧)",1,"深圳宝安区"
"深圳市叮咚买菜","叮咚买菜","广东省深圳市盐田区永安路45号东南90米",1,"深圳盐田区"
"深圳市叮咚买菜","叮咚买菜店","广东省深圳市南山区民企科技园2栋叮咚买菜店",1,"深圳南山区"
"深圳市叮咚买菜","叮咚买菜","深圳市宝安区兴业路与银田路交叉路口往西约50米(玉湖湾)",1,"深圳宝安区"
"深圳市叮咚买菜","叮咚买菜","深圳市宝安区松白路(宏高工业园)",1,"深圳宝安区"
"深圳市叮咚买菜","叮咚买菜","广东省深圳市龙岗区联光路",1,"深圳龙岗区"
"深圳市叮咚买菜","叮咚买菜","深圳市宝安区凤凰兴业一路与凤业一路交叉路口北侧(凤凰第一工业区西侧)",1,"深圳宝安区"
"深圳市叮咚买菜","叮咚买菜","广东省深圳市南山区沙河东路118-4附近",1,"深圳南山区"
"深圳市叮咚买菜","叮咚买菜","广东省深圳市龙岗区布吉街道京南路2号泉森红木棉创意园4栋101叮咚买菜",1,"深圳龙岗区"
"深圳市叮咚买菜","叮咚买菜","深圳市宝安区",1,"深圳宝安区"
"深圳市叮咚买菜","叮咚买菜店里","广东省深圳市光明区光明广场叮咚买菜店里",1,"深圳光明区"
"深圳市叮咚买菜","叮咚买菜","深圳市南山区月亮湾大道(汉京确悦)",1,"深圳南山区"
"深圳市叮咚买菜","叮咚买菜","广东省深圳市龙华区观澜街道惠民一路32号概念空间",1,"深圳龙华区"
"深圳市叮咚买菜","叮咚买菜(平湖站)","广东省深圳市龙岗区宏泰街2号",1,"深圳龙岗区"
"深圳市叮咚买菜","叮咚买菜","广东省深圳市坪山区协利街1北60米",1,"深圳坪山区"
"深圳市叮咚买菜","叮咚买菜","广东省深圳市宝安区固戍一路91号附近",1,"深圳宝安区"
"深圳市叮咚买菜","叮咚买","深圳市龙岗区平湖街道良白路169号叮咚买",1,"深圳龙岗区"
"深圳市叮咚买菜","叮咚货架","广东省深圳市龙华区鸿光路壹成中心一区一b栋叮咚货架",1,"深圳龙华区"
"深圳市叮咚买菜","叮咚水业","宝安区福海社区塘尾十三区十四巷3-4号",1,"深圳宝安区"
"佛山市盒马鲜生","盒马鲜生(恒福国际店)","佛山市禅城区季华六路11号恒福GOGOPARK购物中心F1",1,"佛山禅城区"
"佛山市美团买菜","美团专送","佛山市禅城区兆祥路92号",1,"佛山禅城区"
"佛山市美团买菜","美团专送","广东省佛山市顺德区漕渔新村东一街",1,"佛山顺德区"
"佛山市美团买菜","美团专送","佛山市禅城区",1,"佛山禅城区"
"佛山市美团买菜","美团专送","广东省佛山市顺德区泰宁路",1,"佛山顺德区"
"佛山市美团买菜","美团专送","佛山市禅城区张槎西路与宝丽路交叉路口往东北约100米(村头平阳工业园南侧约50米)",1,"佛山禅城区"
"佛山市美团买菜","美团外卖(宝华街店)",NA,1,NA
"佛山市美团买菜","美团专送","广东省佛山市禅城区大观街26附近",1,"佛山禅城区"
"佛山市美团买菜","美团专送","广东省佛山市禅城区松江大路15东北90米",1,"佛山禅城区"
"佛山市美团买菜","美团专送","广东省佛山市禅城区河南西街29~30号附近",1,"佛山禅城区"
"佛山市美团买菜","美团专送","佛山市禅城区墟口大街与杏市大道交叉路口往北约150米",1,"佛山禅城区"
"佛山市美团买菜","美团专送","圩岗路与大沙路交叉口北50米",1,NA
"佛山市美团买菜","美团专送","广东省佛山市禅城区普君北路91号-之1铺附近",1,"佛山禅城区"
"佛山市美团买菜","美团优选","佛山市顺德区高村工业区三路与林上南路交叉路口往西南约50米(高村工业区)",1,"佛山顺德区"
"佛山市美团买菜","美团配送","佛山市禅城区金澜南路(东江龙酒店东北侧)",1,"佛山禅城区"
"佛山市美团买菜","美团站点","佛山市三水区乐平大道与盘乐路交叉路口往西约50米(乐平中学西南侧约50米)",1,"佛山三水区"
"佛山市美团买菜","佛山美团站","广东佛山市禅城区祖庙街道永丰大厦",1,"佛山禅城区"
"佛山市美团买菜","美团站点","佛山市顺德区德兴街与荔南路交叉路口往西约100米(乐从镇黎时松柏大学西侧)",1,"佛山顺德区"
"佛山市美团买菜","美团外卖(康宁二路店)","广东省佛山市南海区启明路13号",1,"佛山南海区"
"佛山市美团买菜","北蛎劳耪镜","广东省佛山市顺德区大园路52号",1,"佛山顺德区"
"佛山市美团买菜","美团站点","广东省佛山市三水区",1,"佛山三水区"
"佛山市美团买菜","美团专送","广东省佛山市顺德区水藤大路72号",1,"佛山顺德区"
"佛山市美团买菜","美团优选(狮山园区)","广东省佛山市南海区狮山富和二路狮山海元物流商城C3栋",1,"佛山南海区"
"佛山市美团买菜","美团专送","佛山市顺德区",1,"佛山顺德区"
"佛山市美团买菜","美团优选","佛山市禅城区魁奇二路与岭南大道北交叉路口往东约100米(丽日华庭)",1,"佛山禅城区"
"佛山市美团买菜","铺美团站点","广东省佛山市南海区丽怡路",1,"佛山南海区"
"佛山市美团买菜","美团专送","佛山市南海区忠义村大街与明安路交叉路口往南约150米(昌大公寓)",1,"佛山南海区"
"佛山市美团买菜","美团专送","佛山市三水区杉山路与纵向四路交叉路口往东北约50米(金宝山宾馆西南侧约150米)",1,"佛山三水区"
"佛山市美团买菜","美团站点","广东省佛山市禅城区河南西街29-～30号",1,"佛山禅城区"
"佛山市美团买菜","美团站点","南海区大沥镇黄岐白沙村兴龙东街6号美团站点",1,"佛山南海区"
"佛山市美团买菜","美团专送","广东省佛山市三水区广海大道中70号附近",1,"佛山三水区"
"佛山市美团买菜","美团专送","佛山市顺德区荔南路与德兴街交叉路口往西北约100米(乐从镇黎时松柏大学西侧)",1,"佛山顺德区"
"佛山市美团买菜","美团站点","广东省佛山市禅城区新虹三街15号",1,"佛山禅城区"
"佛山市美团买菜","美团站点","狮山镇北区商业广场",1,NA
"佛山市美团买菜","美团专送","广东省佛山市顺德区雁园新顺路五街",1,"佛山顺德区"
"佛山市美团买菜","美团专送","广东省佛山市顺德区文桂东路9-11东南70米",1,"佛山顺德区"
"佛山市美团买菜","美团专送","广东省佛山市禅城区人民西路15-5号附近",1,"佛山禅城区"
"佛山市美团买菜","美团外卖(大沙路店)","广东省佛山市禅城区大沙路18号",1,"佛山禅城区"
"佛山市美团买菜","美团专送","广东省佛山市顺德区政和北路19号2幢东50米",1,"佛山顺德区"
"佛山市美团买菜","美团专送","佛山市顺德区仓门路10号",1,"佛山顺德区"
"佛山市美团买菜","美团专送","广东省佛山市顺德区讯发路7号西南60米",1,"佛山顺德区"
"佛山市美团买菜","美团专送","广东省佛山市三水区口岸一街5号之1",1,"佛山三水区"
"佛山市美团买菜","美团专送","南粤综合批发市场17栋1号",1,NA
"佛山市美团买菜","美团专送","佛山市顺德区大园路与Ｙ３０９交叉路口往西北约100米(蓬莱新村-西区北侧约50米)",1,"佛山顺德区"
"佛山市美团买菜","美团配送美团专送","佛山市顺德区乐从大道东(乐从中学东北侧约150米)",1,"佛山顺德区"
"佛山市美团买菜","美团专送","广东省佛山市顺德区三界村大路23号附近",1,"佛山顺德区"
"佛山市美团买菜","铺美团站点","广东省佛山市南海区",1,"佛山南海区"
"佛山市美团买菜","美团专送","佛山市高明区宝华街与千禧街交叉路口往东约100米(君逸湾西南侧)",1,"佛山高明区"
"佛山市美团买菜","美团点评","凤翔路41号顺德创意产业园C座2楼212",1,"揭阳产业园"
"佛山市美团买菜","美团专送","广东省佛山市顺德区富华路133号附近",1,"佛山顺德区"
"佛山市美团买菜","美团专送","广东省佛山市顺德区新华路a136号附近",1,"佛山顺德区"
"佛山市美团买菜","美团专送","佛山市顺德区龙江镇世埠村南福横街巷17号",1,"佛山顺德区"
"佛山市美团买菜","美团专送","佛山市顺德区汇龙路与聚龙大道交叉路口西北侧(东方宝贝托儿所南侧约50米)",1,"佛山顺德区"
"佛山市美团买菜","美团专送","佛山市顺德区Ｙ２０６与佛陈路交叉路口西侧(万科缤纷四季-北区)",1,"佛山顺德区"
"佛山市美团买菜","美团专送","佛山市禅城区鲤鱼沙路与文华北路交叉路口往东约100米(佛山市禅城区海三渔酒家北侧)",1,"佛山禅城区"
"佛山市美团买菜","美团专送","广东省佛山市禅城区河北大街9号附近",1,"佛山禅城区"
"佛山市美团买菜","美团专送","佛山市顺德区华信路与华城路交叉路口往南约50米(沙河公园北侧约50米)",1,"佛山顺德区"
"佛山市美团买菜","美团专送","佛山市顺德区富涌小区五街与京坤线交叉路口东南侧(泮浦新村公园西南侧约150米)",1,"佛山顺德区"
"佛山市美团买菜","美团外卖(杨和站)","佛山市高明区杨西大道北与和丽路交叉路口往南约100米(明银凯伦堡豪庭)",1,"佛山高明区"
"佛山市美团买菜","美团外卖(祖庙路店)","广东省佛山市禅城区祖庙路35号3层301号-商铺附近",1,"佛山禅城区"
"佛山市叮咚买菜","叮咚买菜","佛山市南海区南兴工业大道与桂澜中路交叉路口往西北约150米(俊彦广场)",1,"佛山南海区"
"佛山市叮咚买菜","叮咚买菜","佛山市禅城区华新路与港口路交叉路口东南侧(绿巢・智谷)",1,"佛山禅城区"
"佛山市叮咚买菜","叮咚买菜","佛山市顺德区新基二路与绿田路交叉路口南侧(绿田商业中心)",1,"佛山顺德区"
"佛山市叮咚买菜","叮咚买菜","佛山市南海区文华北路与叠虼蟮澜徊媛房谕南约100米(金星儿童中心东南侧)",1,"佛山南海区"
"佛山市叮咚买菜","叮咚买菜","佛山市南海区渤海路与西湖路交叉路口往东南约100米(黄岐凯民茶博城)",1,"佛山南海区"
"佛山市叮咚买菜","叮咚买菜","佛山市南海区海八东路与华翠北路交叉路口往东北约150米(奥园君}花园)",1,"佛山南海区"
"佛山市叮咚买菜","叮咚买菜","佛山市禅城区镇荣路与工业四路交叉路口往西南约50米(非凡领域)",1,"佛山禅城区"
"佛山市叮咚买菜","叮咚买菜","佛山市顺德区桂洲大道中与文园路交叉路口西南侧(幸福豪苑)",1,"佛山顺德区"
"佛山市叮咚买菜","叮咚买菜店","广东省佛山市南海区桂城太港城佛平五路17号叮咚买菜店",1,"佛山南海区"
"佛山市叮咚买菜","叮咚买菜","佛山市禅城区深宁路与港口路交叉路口往东南约50米(世纪康城北侧约50米)",1,"佛山禅城区"
"佛山市叮咚买菜","叮咚买菜","佛山市南海区南平西路与工业区大道交叉路口往西约50米(国顺酒店)",1,"佛山南海区"
"佛山市叮咚买菜","叮咚买菜","佛山市南海区里广路(草场工业区)",1,"佛山南海区"
"潮州市美团买菜","美团外卖(吉春路店)","广东省潮州市湘桥区吉怡路",1,"潮州湘桥区"
"潮州市美团买菜","美团专送","潮州市潮安区金石大道",1,"潮州潮安区"
"潮州市美团买菜","美团专送","潮州市潮安区宾福路",1,"潮州潮安区"
"潮州市美团买菜","美团专送","潮州市潮安区外环北路(古巷中学东南侧约150米)",1,"潮州潮安区"
"潮州市美团买菜","美团专送","广东省潮州市潮安区必胜路4",1,"潮州潮安区"
"潮州市美团买菜","美团专送","潮州市湘桥区吉春路与吉怡路交叉路口往西约50米(新丽楼东南侧约50米)",1,"潮州湘桥区"
"潮州市美团买菜","美容美团","广东省潮州市潮安区宾福路",1,"潮州潮安区"
"潮州市美团买菜","美团站点","潮州市潮安区如意路与站前二路交叉路口向西约100米",1,"潮州潮安区"
"潮州市美团买菜","美团专送","潮州市潮安区新安大道(金凤苑东南侧约200米)",1,"潮州潮安区"
"潮州市美团买菜","美团优选仓库","潮州市饶平县汕汾路(盛发山庄西南侧约250米)",1,"潮州饶平县"
"潮州市美团买菜","美团优选枫溪网格","潮州市潮安区潮汕路(潮州市南熙汽车销售服务有限公司西南侧约200米)",1,"潮州潮安区"
"潮州市美团买菜","美团专送","潮州市潮安区绿榕西路与大祠堂路交叉路口往西南约50米(枫二新村)",1,"潮州潮安区"
"潮州市美团买菜","美团外卖(饶平站)","潮州市饶平县黄冈大道(聚贤迎宾馆西侧约100米)",1,"潮州饶平县"
"潮州市美团买菜","美团外卖(坤辉直街店)","广东省潮州市湘桥区新春南路中段",1,"潮州湘桥区"
"潮州市美团买菜","美团专送","广东省潮州市潮安区金里路",1,"潮州潮安区"
"潮州市美团买菜","美团专送东凤站","广东省潮州市潮安区东梅路",1,"潮州潮安区"
"潮州市美团买菜","美团专送","潮州市潮安区如意路(广东松发陶瓷有限公司南侧约50米)",1,"潮州潮安区"
"潮州市美团买菜","花姐美团优选","潮州市潮安区开明路(潮安区职业技术学校东北侧约250米)",1,"潮州潮安区"
"潮州市美团买菜","美团专送","潮州市潮安区金亨路与金里路交叉路口往西北约50米",1,"潮州潮安区"
"潮州市美团买菜","美团优选大澳粤荟精选","广东省潮州市饶平县大澳村新市西路149号",1,"潮州饶平县"
"潮州市美团买菜","美团专送(浮洋站)","广东省潮州市潮安区洪巷村后公路37号",1,"潮州潮安区"
"潮州市美团买菜","美团外卖(金石大道店)","广东省潮州市潮安区金石大道",1,"潮州潮安区"
"潮州市美团买菜","美团外卖(永护路店)","潮州市湘桥区永护路与新桥路交叉路口往东约50米(永利园住宅小区东南侧)",1,"潮州湘桥区"
"潮州市叮咚买菜","叮咚童鞋","广东省潮州市饶平县黄冈镇丁未路341号叮咚童鞋",1,"潮州饶平县"
"珠海市盒马鲜生","盒马鲜生(宝石南路店)",NA,1,NA
"珠海市盒马鲜生","盒马生鲜收货部","广东省深圳市宝安区福泰路",1,"深圳宝安区"
"珠海市盒马鲜生","盒马鲜生(盒马里・岁宝)","深圳市罗湖区莲塘路168号",1,"深圳罗湖区"
"珠海市盒马鲜生","盒马超市","深圳市龙岗区四联路与龙岗大道交叉路口往北约100米(志健时代广场)",1,"深圳龙岗区"
"珠海市美团买菜","美团专送","珠海市斗门区新青三路与埔青街交叉路口往北约100米(新堂村瑞生园东南侧)",1,"珠海斗门区"
"珠海市美团买菜","美团专送","香洲区拱北街道桂花北路205号桂花工业村9栋1层",1,"珠海香洲区"
"珠海市美团买菜","美团专送","珠海市金湾区华丰一巷与美平西路交叉路口西北侧(爱家心座)",1,"珠海金湾区"
"珠海市美团买菜","美团专送","珠海市香洲区北山路与北山正街南交叉路口往西约100米(南安亭东北侧约100米)",1,"珠海香洲区"
"珠海市美团买菜","美团专送","珠海市斗门区藤山二路与幸福路交叉路口往西北约100米(信龙商场东北侧约150米)",1,"珠海斗门区"
"珠海市美团买菜","美团专送","珠海市香洲区警安街与旅游路交叉路口往东南约100米(棕榈四季)",1,"珠海香洲区"
"珠海市美团买菜","美团专送","广东省珠海市香洲区港二路123号附近",1,"珠海香洲区"
"珠海市美团买菜","美团专送","珠海市香洲区人民西路与红宝路交叉路口往西约100米(宝地康泰花园-A区)",1,"珠海香洲区"
"珠海市美团买菜","美团专送","广东省珠海市香洲区翠前北路63号附近",1,"珠海香洲区"
"珠海市美团买菜","美团专送","广东省珠海市香洲区双石街1号北50米",1,"珠海香洲区"
"珠海市美团买菜","美团专送","珠海市香洲区圣皇头街(官塘市场西侧约50米)",1,"珠海香洲区"
"珠海市美团买菜","美团专送","珠海市金湾区青年路与横街交叉路口往西南约100米(小林市场东南侧约100米)",1,"珠海金湾区"
"珠海市美团买菜","美团专送","珠海市香洲区夏美路与山峰路交叉路口往南约50米(南新里)",1,"珠海香洲区"
"珠海市美团买菜","美团专送","珠海市香洲区大塘新村巷与上埔先锋巷交叉路口往东南约200米(友好商务公寓东侧)",1,"珠海香洲区"
"珠海市美团买菜","美团专送","广东省珠海市香洲区银发路42号附近",1,"珠海香洲区"
"珠海市美团买菜","美团优选","广东省珠海市斗门区同心中路158号",1,"珠海斗门区"
"珠海市美团买菜","美团配送","珠海市金湾区青年路与横街交叉路口往西南约100米(小林市场东南侧约100米)",1,"珠海金湾区"
"珠海市美团买菜","美团站点","广东省珠海市香洲区香华路316",1,"珠海香洲区"
"珠海市美团买菜","美团外卖(南江路店)","广东省珠海市斗门区南江路8号",1,"珠海斗门区"
"珠海市美团买菜","美团智能支付","广东省珠海市金湾区红旗镇成行路318号",1,"珠海金湾区"
"珠海市美团买菜","美团专送(新香洲站)","广东省珠海市香洲区康城西路24~26号",1,"珠海香洲区"
"珠海市美团买菜","美团优选(大信自提点)","广东省珠海市斗门区渡江路19号(早八点隔壁楼梯口)",1,"珠海斗门区"
"珠海市美团买菜","美团外卖(香悦路店)","珠海市香洲区香悦路与文贤路交叉路口西南侧(万丰茗苑)",1,"珠海香洲区"
"珠海市美团买菜","美团外卖(拱星路店)","珠海市香洲区拱星路与金峰路交叉路口往东南约200米(金发苑西北侧约200米)",1,"珠海香洲区"
"珠海市叮咚买菜","每日优鲜(昌盛路店)","广东省珠海市香洲区侨光路3号",1,"珠海香洲区"
"汕头市美团买菜","美团优选","汕头市潮南区峡新公路与金凤东路交叉路口往西南约150米(潮南区峡山街道沙溪小学东侧约100米)",1,"汕头潮南区"
"汕头市美团买菜","美团专送","汕头市潮南区中南路(美南公园西侧)",1,"汕头潮南区"
"汕头市美团买菜","美团站点","中信春泽花园八栋101",1,NA
"汕头市美团买菜","新龙市场美团优选","广东省汕头市潮阳区新兴路",1,"汕头潮阳区"
"汕头市美团买菜","美团外卖(中山北路店)","广东省汕头市澄海区中山北路131号",1,"汕头澄海区"
"汕头市美团买菜","美团专送","广东省汕头市金平区岐山路61号附近",1,"汕头金平区"
"汕头市美团买菜","美团专送","广东省汕头市潮南区G324(福昆线)",1,"汕头潮南区"
"汕头市美团买菜","美团专送","汕头市金平区天山北路(龙光金禧花园-金桐苑)",1,"汕头金平区"
"汕头市美团买菜","美团优选自提点","广东省汕头市澄海区",1,"汕头澄海区"
"汕头市美团买菜","美团专送(NO.2005494)","广东省汕头市潮阳区谷饶镇东星工业区三巷5号",1,"汕头潮阳区"
"汕头市美团买菜","美团专送","汕头市澄海区澄江路(普德幼儿园北侧约50米)",1,"汕头澄海区"
"汕头市美团买菜","美团专送","广东省汕头市金平区X071",1,"汕头金平区"
"汕头市美团买菜","美团专送","广东省汕头市澄海区振兴中路4幢附近",1,"汕头澄海区"
"汕头市美团买菜","美团专送","广东省汕头市澄海区大海门三片六路",1,"汕头澄海区"
"汕头市美团买菜","美团专送","广东省汕头市澄海区中山北路125号附近",1,"汕头澄海区"
"汕头市美团买菜","美团专送","汕头市潮阳区新凤路与新和惠路交叉路口往东北约200米(中南小区西南侧约150米)",1,"汕头潮阳区"
"汕头市美团买菜","美团外卖(莲南路店)","汕头市澄海区莲南路与莲东一路交叉路口往北约150米(澄海区莲下镇陈厝洲幼儿园西北侧)",1,"汕头澄海区"
"汕头市美团买菜","美团外卖站点","潮南区峡山街道峡山广祥西区一幢金菀后面",1,"汕头潮南区"
"汕头市美团买菜","美团专送","汕头市潮阳区莲峰二路与环海路交叉路口往东北约200米(明德园)",1,"汕头潮阳区"
"汕头市美团买菜","美团优选自提点","汕头市潮阳区新和惠路与下寨和西中路交叉路口南侧(下寨小学东洋分校东南侧约100米)",1,"汕头潮阳区"
"汕头市美团买菜","美团专送","汕头市金平区前溪路(溪东社区居委会东南侧约100米)",1,"汕头金平区"
"汕头市美团买菜","美团外卖(工交路店)","汕头市潮阳区工交路与金梅路交叉路口往西北约50米(金浦街道社区卫生服务中心南侧约100米)",1,"汕头潮阳区"
"汕头市美团买菜","美团专送","广东省汕头市金平区大华街道大华路32号美团专送",1,"汕头金平区"
"汕头市叮咚买菜","每日优鲜(汕头金平万达广场店)","广东省汕头市金平区",1,"汕头金平区"
"韶关市美团买菜","美团专送(韶关浈江站)","广东省韶关市浈江区西堤中路21号",1,"韶关市区"
"韶关市美团买菜","美团专送","韶关市浈江区东河路与执信路交叉路口南侧(韶关市公路局西南侧约50米)",1,"韶关市区"
"韶关市美团买菜","美团专送","广东省韶关市武江区新民路",1,"韶关市区"
"韶关市美团买菜","美团专送","广东省韶关市浈江区席前路18附近",1,"韶关市区"
"韶关市美团买菜","美团专送(仁化服务站)","韶关市仁化县滨江路(富凯华城东南侧)",1,"韶关仁化县"
"韶关市美团买菜","美团外卖(人民南路店)","广东省韶关市乐昌市人民南路238东南90米",1,"韶关乐昌市"
"韶关市美团买菜","美团外卖(河南路店)","广东省韶关市乐昌市河南路27附近",1,"韶关乐昌市"
"韶关市美团买菜","美团专送","韶关市浈江区韶南大道北(金海马家居东侧约50米)",1,"韶关市区"
"韶关市美团买菜","美团专送","韶关市武江区沐溪大道(粤北第二人民医院西侧约100米)",1,"韶关市区"
"韶关市美团买菜","美团优选杨沥村自提点","广东省韶关市南雄市",1,"韶关南雄市"
"惠州市美团买菜","TK每日优鲜(万信佳购物广场店)","惠州市博罗县商业中街148号万信佳购物广场F1",1,"惠州博罗县"
"东莞市盒马鲜生","每日优鲜华南大仓(沿河路店)","沙田镇第一产业集团沙田物流园沿河路281号-1044每日优鲜3和4库",1,"东莞沙田镇"
"东莞市盒马鲜生","每日优鲜华南(虎门港大道店)","东莞市虎门港大道(增益冷链东莞港基地西南侧约100米)",1,"东莞虎门镇"
"阳江市朴朴超市","盒马","广东省阳江市阳西县湖景路",1,"阳江阳西县"
"茂名市朴朴超市","每日优鲜水果店(万达分店)","广东省茂名市电白区水东街道南方商业城西区六行28号一楼",1,"茂名电白区"
"云浮市盒马鲜生","盒马超市","广东省广州市番禺区建华路11号建华汇商业中心B座",1,"广州番禺区"
"云浮市盒马鲜生","盒马生鲜广东收货点","广东省广州市黄埔区",1,"广州黄埔区"
"云浮市朴朴超市","美团买菜","广东省广州市番禺区光明南路200号附近",1,"深圳光明区"
"云浮市朴朴超市","叮咚买菜","广东省广州市番禺区X939(钟韵路)",1,"广州番禺区"
"云浮市朴朴超市","叮咚买菜","广东省广州市海珠区泰沙路20号附近",1,"广州海珠区"
"云浮市朴朴超市","叮咚买菜","广州市白云区新围路与校园路交叉路口西南侧(福星文体广场)",1,"广州白云区"
"云浮市朴朴超市","叮咚买菜","广州市海珠区江燕路(中源御品)",1,"广州海珠区"
"云浮市朴朴超市","叮咚买菜","广州市荔湾区河沙南路与东海南路交叉路口往东约100米(都得利广场东侧)",1,"广州荔湾区"
"云浮市朴朴超市","每日优鲜(伟逸街店)","广东省广州市天河区伟逸街8号伟腾嘉逸花园2期每日优鲜",1,"广州天河区"
"云浮市朴朴超市","每日优鲜(牛利岗南街店)","广州市天河区牛利岗南街与银利街交叉路口往东约200米(易顺宾馆西北侧)",1,"广州天河区"
"云浮市朴朴超市","每日优鲜(华师店)","广东省广州市天河区龙口西路138号1楼",1,"广州天河区"
"云浮市朴朴超市","每日优鲜(梅花园店)","白云区京溪街梅宾北路119号首层102",1,"广州白云区"
"云浮市朴朴超市","每日优鲜(广州沙河店)","广东省广州市天河区江园街9号",1,"广州天河区"
"云浮市朴朴超市","每日优鲜(科韵路店)","广东省广州市天河区岑村均田大厦117号每日优鲜",1,"广州天河区"
"云浮市朴朴超市","每日优鲜(荷光路店)","广东省广州市天河区棠下街道棠下上社荷光路合心商务中心b座",1,"广州天河区"
"云浮市朴朴超市","每日优鲜(白马岗街店)","广州市天河区白马岗街与黄埔大道中交叉路口往南约100米(艾琳苑)",1,"广州天河区"
"云浮市朴朴超市","每日优鲜(猎德店)","天河区黄埔大道269号、271号一层F06铺",1,"广州天河区"
"云浮市朴朴超市","每日优鲜(迎龙路店)","广州市天河区迎龙路与龙腾路交叉路口往北约50米(天河区龙洞小学北侧)",1,"广州天河区"
"云浮市朴朴超市","每日优鲜(NO:3201)","白云区棠涌黄沙岗东一街6号帕斯网咖前",1,"广州白云区"
"云浮市朴朴超市","每日优鲜(员村店)","广东省广州市天河区潭村路110号",1,"广州天河区"
"云浮市朴朴超市","每日优鲜(白山路店)","广东省广州市白云区同和街道同和镇白山村白山东路24号每日优鲜",1,"广州白云区"
"云浮市朴朴超市","每日优鲜(江夏东一路店)","广东省广州市白云区江夏东一路91号西北80米",1,"广州白云区"
"云浮市美团买菜","每日优鲜(环虼蟮赖)","广州市白云区环蚬园前直街与环虼蟮澜徊媛房谕西北约50米(悦汇居东侧)",1,"广州白云区"
"云浮市美团买菜","每日优鲜(永泰店)","广东省广州市白云区荟贤路18",1,"广州白云区"
"云浮市美团买菜","每日优鲜(车陂店)","广州市天河区车陂路(泰安花园东南侧)",1,"广州天河区"
"云浮市美团买菜","每日优鲜(丰乐店)","广东省广州市黄埔区城门一巷12号",1,"广州黄埔区"
"云浮市叮咚买菜","美团买菜","广东省深圳市南山区粤兴三道6附近",1,"深圳南山区"
"云浮市叮咚买菜","美团买菜","深圳市龙华区观澜大道与田茜路交叉路口往南约50米(泉源发工业园东南侧)",1,"深圳龙华区"
"广州市盒马鲜生","美团站点","龙翔大道630号",1,NA
"广州市盒马鲜生","美团专送","深圳市宝安区新沙路(深圳上星门诊部)",1,"深圳宝安区"
"广州市盒马鲜生","美团站点(荣华里)","广东省深圳市罗湖区河边路3号",1,"深圳罗湖区"
"广州市盒马鲜生","美团专送(光明站)","深圳市光明区高墩西路与高墩北路交叉路口南侧(凤凰办事处塘尾社区党群服务中心西南侧100米)",1,"深圳光明区"
"广州市盒马鲜生","美团专送","深圳市龙华区樟吉路与樟阁路交叉路口往西约150米(章阁中心城西南侧)",1,"深圳龙华区"
"广州市盒马鲜生","美团专送","广东省深圳市龙华区东环一路153",1,"深圳龙华区"
"广州市盒马鲜生","美团专送","广东省深圳市龙华区共和新村B区150栋",1,"深圳龙华区"
"广州市盒马鲜生","美团专送","深圳市宝安区三号路与宝安大道交叉路口往西南约200米(深圳宝安福永桥南新区)",1,"深圳宝安区"
"广州市盒马鲜生","叮咚买菜门店","广东省深圳市龙华区民治街道澳门新村13栋叮咚买菜门店",1,"深圳龙华区"
"广州市盒马鲜生","叮咚买菜","广东省深圳市南山区深南大道10118号6层附近",1,"深圳南山区"
"广州市盒马鲜生","每日优鲜(丹竹头店)","龙岗区丹竹头康正路1号(力团工业区)",1,"深圳龙岗区"
"广州市盒马鲜生","每日优鲜(布吉站)","广东省深圳市龙岗区吉政路48-3",1,"深圳龙岗区"
"广州市盒马鲜生","每日优鲜(长江大厦店)","广东省深圳市龙岗区吉华路254号",1,"深圳龙岗区"
"广州市盒马鲜生","每日优鲜(莲花路店)","广东深圳市龙岗区吉华街道布吉街道老墟村老墟村太子工业大厦每日优鲜",1,"深圳龙岗区"
"广州市盒马鲜生","每日优鲜(布心店)","东晓路仙诺大院9号楼一层190-9号",1,NA
"广州市盒马鲜生","每日优鲜(塘坑店)","龙岗区横岗街道六约社区六和路25-1号一楼107",1,"深圳龙岗区"
"广州市盒马鲜生","每日优鲜(雪象店)","深圳市龙岗区环城路与岗辉路交叉路口往东约50米(威宇隆工业园)",1,"深圳龙岗区"
"广州市盒马鲜生","每日优鲜(平湖店)","广东省深圳市龙岗区建设路11号",1,"深圳龙岗区"
"广州市盒马鲜生","每日优鲜(贝丽南路店)","翠竹街道贝丽南路龙丽园大厦负一楼2号商铺",1,NA
"广州市盒马鲜生","每日优鲜(八卦岭站)","广东省深圳市福田区八卦三路6号-3栋",1,"深圳福田区"
"广州市盒马鲜生","每日优鲜(五和店)","广东省深圳市龙岗区坂田街道大发埔社区长发西路34号中宝通A2栋厂房101号",1,"深圳龙岗区"
"广州市盒马鲜生","每日优鲜(智慧谷创新广场民治大道店)","广东省深圳市龙华区民治大道574号",1,"深圳龙华区"
"广州市盒马鲜生","每日优鲜(油松店)","广东省深圳市龙华区民欢路16号",1,"深圳龙华区"
"广州市盒马鲜生","每日优鲜(油松路店)","广东省深圳市龙华区油松路103-2附近",1,"深圳龙华区"
"广州市盒马鲜生","每日优鲜(龙胜店)","广东省深圳市龙华区龙胜创业路",1,"深圳龙华区"
"广州市盒马鲜生","每日优鲜(深南大道店)","广东省深圳市南山区深南大道9680号大冲商务中心a座",1,"深圳南山区"
"广州市盒马鲜生","每日优鲜(马家龙店)","南山区马家龙工业区大习科创大厦14栋1124",1,"深圳南山区"
"广州市盒马鲜生","每日优鲜(清湖店)","龙华街道龙观三路金乔田商务中心宿舍一楼",1,"深圳龙华区"
"广州市盒马鲜生","每日优鲜(前海枫叶大厦店)","广东省深圳市南山区南山街道枫叶大厦",1,"深圳南山区"
"广州市盒马鲜生","每日优鲜(大新店)","深圳市南山区南新路与桃园路交叉路口西侧(苏豪名厦)",1,"深圳南山区"
"广州市盒马鲜生","每日优鲜(南山大道店)","广东省深圳市南山区南山街道南山大道枫叶公寓b座每日优鲜",1,"深圳南山区"
"广州市盒马鲜生","每日优鲜(清湖店)","广东省深圳市龙华区龙华街道玉翠社区华韵路1号金博龙工业厂区厂房A101",1,"深圳龙华区"
"广州市盒马鲜生","每日优鲜(洪浪北店)","广东省深圳市宝安区新安三路94号",1,"深圳宝安区"
"广州市盒马鲜生","每日优鲜(新安站)","广东省深圳市宝安区甲岸路18-18号",1,"深圳宝安区"
"广州市盒马鲜生","每日优鲜(宝运达店)","西乡大道前进二路交汇处宝运达物流中心1厂20铺",1,NA
"广州市盒马鲜生","每日优鲜(观澜大道店)","广东省深圳市龙华区观澜大道175号西北70米",1,"深圳龙华区"
"广州市盒马鲜生","每日优鲜(兴业路店)","广东省深圳市宝安区兴业路2088东北90米",1,"深圳宝安区"
"广州市盒马鲜生","每日优鲜(环石岩湖绿道店)","广东省深圳市宝安区石岩镇荔湖花园6栋每日优鲜",1,"深圳宝安区"
"广州市盒马鲜生","每日优鲜(鼎盛大厦店)","深圳市宝安区共和工业路与银田工业路交叉路口北侧(银田创意园东北侧)",1,"深圳宝安区"
"广州市盒马鲜生","每日优鲜(固戍店)","宝安区航城大道航城创新创业园B3栋102/103/105室",1,"深圳宝安区"
"广州市盒马鲜生","每日优鲜(爱联店)","广东省深圳市龙岗区龙城街道爱联社区新丰路6号台中工业区A9栋103",1,"深圳龙岗区"
"广州市盒马鲜生","每日优鲜(吉祥店)","龙城街道吉祥社区龙岗大道3002号四海家居111、112",1,"深圳龙岗区"
"广州市盒马鲜生","每日优鲜(龙潭店)","龙城街道阳光广场AC栋1-4445铺",1,NA
"广州市盒马鲜生","每日优鲜(富民路店)","广东省深圳市龙岗区龙岗街道伟龙达81栋",1,"深圳龙岗区"
"广州市盒马鲜生","每日优鲜(双龙店)","广东省深圳市龙岗区龙岗街道南联社区罗瑞合瑞丽路8号101",1,"深圳龙岗区"
"广州市盒马鲜生","每日优鲜(桥达路店)","广东省深圳市宝安区福海街道福源工业区三号路伟丰福满大厦103号铺每日优鲜",1,"深圳宝安区"
"广州市盒马鲜生","每日优鲜(三号路店)","福海街道福源工业区三号路伟丰福满大厦103号铺每日优鲜",1,NA
"广州市盒马鲜生","每日优鲜(广深公路店)","深圳市宝安区广深公路与沿河北路交叉路口往北约50米(名立幼儿园西侧)",1,"深圳宝安区"
"广州市盒马鲜生","每日优鲜店","深圳市南山区学苑大道(西)与平山一路交叉路口西南侧(民企科技园)",1,"深圳南山区"
"广州市盒马鲜生","每日优鲜手机生鲜超市","广东省深圳市福田区皇岗路2001-6附近",1,"深圳福田区"
"广州市盒马鲜生","每日优鲜手机生鲜超市","广东省深圳市福田区景田东路106号附近",1,"深圳福田区"
"广州市盒马鲜生","每日优鲜手机生鲜超市","深圳市南山区兴南路与登良路交叉路口东南侧(南油生活B区)",1,"深圳南山区"
"广州市盒马鲜生","每日优鲜手机买菜又好又快","深圳市宝安区径贝东堤与新湖路交叉路口往北约100米(华侨新村)",1,"深圳宝安区"
"广州市盒马鲜生","每日优鲜手机生鲜超市","深圳市宝安区固戍二路与迪福路交叉路口往西北约100米(香格丽湾园)",1,"深圳宝安区"
"广州市盒马鲜生","每日优鲜生活超市","深圳市宝安区温屋二路与松明大道交叉路口往东北约100米(温馨雅苑西侧)",1,"深圳宝安区"
"广州市盒马鲜生","美团专送","西溪商业大道31号附近",1,NA
"广州市盒马鲜生","美团网佛山站","广东省佛山市禅城区祖庙路31-37号",1,"佛山禅城区"
"广州市盒马鲜生","美团专送","佛山市南海区东成财智中心4栋107铺",1,"佛山南海区"
"广州市盒马鲜生","美团专送","广东省佛山市南海区怡兴大道南20号",1,"佛山南海区"
"广州市盒马鲜生","美团专送","广东省佛山市南海区六村大道95号附近",1,"佛山南海区"
"广州市盒马鲜生","叮咚买菜(石湾站)","佛山市禅城区莱翔路(佛山新华艺装饰市场)",1,"佛山禅城区"
"广州市盒马鲜生","每日优鲜(桂城店)","南海区桂城街道育才路富豪花园11座1楼4-5-6-7号铺",1,"佛山南海区"
